TimeQuest Timing Analyzer report for DE0_NANO
Sat May 30 16:30:47 2026
Quartus II Version 9.1 Build 350 03/24/2010 Service Pack 2 SJ Web Edition


---------------------
; Table of Contents ;
---------------------
  1. Legal Notice
  2. TimeQuest Timing Analyzer Summary
  3. Parallel Compilation
  4. SDC File List
  5. Clocks
  6. Slow 1200mV 85C Model Fmax Summary
  7. Slow 1200mV 85C Model Setup Summary
  8. Slow 1200mV 85C Model Hold Summary
  9. Slow 1200mV 85C Model Recovery Summary
 10. Slow 1200mV 85C Model Removal Summary
 11. Slow 1200mV 85C Model Minimum Pulse Width Summary
 12. Slow 1200mV 85C Model Setup: 'pll_inst|altpll_component|auto_generated|pll1|clk[0]'
 13. Slow 1200mV 85C Model Hold: 'pll_inst|altpll_component|auto_generated|pll1|clk[0]'
 14. Slow 1200mV 85C Model Minimum Pulse Width: 'pll_inst|altpll_component|auto_generated|pll1|clk[0]'
 15. Slow 1200mV 85C Model Minimum Pulse Width: 'CLOCK_50'
 16. Clock to Output Times
 17. Minimum Clock to Output Times
 18. Propagation Delay
 19. Minimum Propagation Delay
 20. Slow 1200mV 85C Model Metastability Report
 21. Slow 1200mV 0C Model Fmax Summary
 22. Slow 1200mV 0C Model Setup Summary
 23. Slow 1200mV 0C Model Hold Summary
 24. Slow 1200mV 0C Model Recovery Summary
 25. Slow 1200mV 0C Model Removal Summary
 26. Slow 1200mV 0C Model Minimum Pulse Width Summary
 27. Slow 1200mV 0C Model Setup: 'pll_inst|altpll_component|auto_generated|pll1|clk[0]'
 28. Slow 1200mV 0C Model Hold: 'pll_inst|altpll_component|auto_generated|pll1|clk[0]'
 29. Slow 1200mV 0C Model Minimum Pulse Width: 'pll_inst|altpll_component|auto_generated|pll1|clk[0]'
 30. Slow 1200mV 0C Model Minimum Pulse Width: 'CLOCK_50'
 31. Clock to Output Times
 32. Minimum Clock to Output Times
 33. Propagation Delay
 34. Minimum Propagation Delay
 35. Slow 1200mV 0C Model Metastability Report
 36. Fast 1200mV 0C Model Setup Summary
 37. Fast 1200mV 0C Model Hold Summary
 38. Fast 1200mV 0C Model Recovery Summary
 39. Fast 1200mV 0C Model Removal Summary
 40. Fast 1200mV 0C Model Minimum Pulse Width Summary
 41. Fast 1200mV 0C Model Setup: 'pll_inst|altpll_component|auto_generated|pll1|clk[0]'
 42. Fast 1200mV 0C Model Hold: 'pll_inst|altpll_component|auto_generated|pll1|clk[0]'
 43. Fast 1200mV 0C Model Minimum Pulse Width: 'pll_inst|altpll_component|auto_generated|pll1|clk[0]'
 44. Fast 1200mV 0C Model Minimum Pulse Width: 'CLOCK_50'
 45. Clock to Output Times
 46. Minimum Clock to Output Times
 47. Propagation Delay
 48. Minimum Propagation Delay
 49. Fast 1200mV 0C Model Metastability Report
 50. Multicorner Timing Analysis Summary
 51. Clock to Output Times
 52. Minimum Clock to Output Times
 53. Progagation Delay
 54. Minimum Progagation Delay
 55. Board Trace Model Assignments
 56. Input Transition Times
 57. Slow Corner Signal Integrity Metrics
 58. Fast Corner Signal Integrity Metrics
 59. Setup Transfers
 60. Hold Transfers
 61. Report TCCS
 62. Report RSKM
 63. Unconstrained Paths
 64. TimeQuest Timing Analyzer Messages



----------------
; Legal Notice ;
----------------
Copyright (C) 1991-2010 Altera Corporation
Your use of Altera Corporation's design tools, logic functions 
and other software and tools, and its AMPP partner logic 
functions, and any output files from any of the foregoing 
(including device programming or simulation files), and any 
associated documentation or information are expressly subject 
to the terms and conditions of the Altera Program License 
Subscription Agreement, Altera MegaCore Function License 
Agreement, or other applicable license agreement, including, 
without limitation, that your use is for the sole purpose of 
programming logic devices manufactured by Altera and sold by 
Altera or its authorized distributors.  Please refer to the 
applicable agreement for further details.



+-------------------------------------------------------------------------------------+
; TimeQuest Timing Analyzer Summary                                                   ;
+--------------------+----------------------------------------------------------------+
; Quartus II Version ; Version 9.1 Build 350 03/24/2010 Service Pack 2 SJ Web Edition ;
; Revision Name      ; DE0_NANO                                                       ;
; Device Family      ; Cyclone IV E                                                   ;
; Device Name        ; EP4CE22F17C6                                                   ;
; Timing Models      ; Preliminary                                                    ;
; Delay Model        ; Combined                                                       ;
; Rise/Fall Delays   ; Enabled                                                        ;
+--------------------+----------------------------------------------------------------+


Parallel compilation was disabled, but you have multiple processors available. Enable parallel compilation to reduce compilation time.
+-------------------------------------+
; Parallel Compilation                ;
+----------------------------+--------+
; Processors                 ; Number ;
+----------------------------+--------+
; Number detected on machine ; 16     ;
; Maximum allowed            ; 1      ;
+----------------------------+--------+


+---------------------------------------------------+
; SDC File List                                     ;
+---------------+--------+--------------------------+
; SDC File Path ; Status ; Read at                  ;
+---------------+--------+--------------------------+
; DE0_NANO.SDC  ; OK     ; Sat May 30 16:30:46 2026 ;
+---------------+--------+--------------------------+


+------------------------------------------------------------------------------------------------------------------------------------------------------------------------------------------------------------------------------------------------------------------------------------------------------------------------------------+
; Clocks                                                                                                                                                                                                                                                                                                                             ;
+------------------------------------------------------+-----------+--------+------------+-------+--------+------------+-----------+-------------+-------+--------+-----------+------------+----------+----------+--------------------------------------------------------+----------------------------------------------------------+
; Clock Name                                           ; Type      ; Period ; Frequency  ; Rise  ; Fall   ; Duty Cycle ; Divide by ; Multiply by ; Phase ; Offset ; Edge List ; Edge Shift ; Inverted ; Master   ; Source                                                 ; Targets                                                  ;
+------------------------------------------------------+-----------+--------+------------+-------+--------+------------+-----------+-------------+-------+--------+-----------+------------+----------+----------+--------------------------------------------------------+----------------------------------------------------------+
; CLOCK_50                                             ; Base      ; 20.000 ; 50.0 MHz   ; 0.000 ; 10.000 ;            ;           ;             ;       ;        ;           ;            ;          ;          ;                                                        ; { CLOCK_50 }                                             ;
; pll_inst|altpll_component|auto_generated|pll1|clk[0] ; Generated ; 7.142  ; 140.02 MHz ; 0.000 ; 3.571  ; 50.00      ; 5         ; 14          ;       ;        ;           ;            ; false    ; CLOCK_50 ; pll_inst|altpll_component|auto_generated|pll1|inclk[0] ; { pll_inst|altpll_component|auto_generated|pll1|clk[0] } ;
+------------------------------------------------------+-----------+--------+------------+-------+--------+------------+-----------+-------------+-------+--------+-----------+------------+----------+----------+--------------------------------------------------------+----------------------------------------------------------+


+--------------------------------------------------------------------------------------------+
; Slow 1200mV 85C Model Fmax Summary                                                         ;
+------------+-----------------+------------------------------------------------------+------+
; Fmax       ; Restricted Fmax ; Clock Name                                           ; Note ;
+------------+-----------------+------------------------------------------------------+------+
; 245.94 MHz ; 245.94 MHz      ; pll_inst|altpll_component|auto_generated|pll1|clk[0] ;      ;
+------------+-----------------+------------------------------------------------------+------+
This panel reports FMAX for every clock in the design, regardless of the user-specified clock periods.  FMAX is only computed for paths where the source and destination registers or ports are driven by the same clock.  Paths of different clocks, including generated clocks, are ignored.  For paths between a clock and its inversion, FMAX is computed as if the rising and falling edges are scaled along with FMAX, such that the duty cycle (in terms of a percentage) is maintained. Altera recommends that you always use clock constraints and other slack reports for sign-off analysis.


+------------------------------------------------------------------------------+
; Slow 1200mV 85C Model Setup Summary                                          ;
+------------------------------------------------------+-------+---------------+
; Clock                                                ; Slack ; End Point TNS ;
+------------------------------------------------------+-------+---------------+
; pll_inst|altpll_component|auto_generated|pll1|clk[0] ; 3.076 ; 0.000         ;
+------------------------------------------------------+-------+---------------+


+------------------------------------------------------------------------------+
; Slow 1200mV 85C Model Hold Summary                                           ;
+------------------------------------------------------+-------+---------------+
; Clock                                                ; Slack ; End Point TNS ;
+------------------------------------------------------+-------+---------------+
; pll_inst|altpll_component|auto_generated|pll1|clk[0] ; 0.339 ; 0.000         ;
+------------------------------------------------------+-------+---------------+


------------------------------------------
; Slow 1200mV 85C Model Recovery Summary ;
------------------------------------------
No paths to report.


-----------------------------------------
; Slow 1200mV 85C Model Removal Summary ;
-----------------------------------------
No paths to report.


+------------------------------------------------------------------------------+
; Slow 1200mV 85C Model Minimum Pulse Width Summary                            ;
+------------------------------------------------------+-------+---------------+
; Clock                                                ; Slack ; End Point TNS ;
+------------------------------------------------------+-------+---------------+
; pll_inst|altpll_component|auto_generated|pll1|clk[0] ; 3.318 ; 0.000         ;
; CLOCK_50                                             ; 9.741 ; 0.000         ;
+------------------------------------------------------+-------+---------------+


+----------------------------------------------------------------------------------------------------------------------------------------------------------------------------------------------------+
; Slow 1200mV 85C Model Setup: 'pll_inst|altpll_component|auto_generated|pll1|clk[0]'                                                                                                                ;
+-------+------------------+------------------+------------------------------------------------------+------------------------------------------------------+--------------+------------+------------+
; Slack ; From Node        ; To Node          ; Launch Clock                                         ; Latch Clock                                          ; Relationship ; Clock Skew ; Data Delay ;
+-------+------------------+------------------+------------------------------------------------------+------------------------------------------------------+--------------+------------+------------+
; 3.076 ; tick_counter[18] ; tick_counter[10] ; pll_inst|altpll_component|auto_generated|pll1|clk[0] ; pll_inst|altpll_component|auto_generated|pll1|clk[0] ; 7.142        ; -0.060     ; 4.001      ;
; 3.079 ; tick_counter[18] ; tick_counter[14] ; pll_inst|altpll_component|auto_generated|pll1|clk[0] ; pll_inst|altpll_component|auto_generated|pll1|clk[0] ; 7.142        ; -0.060     ; 3.998      ;
; 3.079 ; tick_counter[18] ; tick_counter[11] ; pll_inst|altpll_component|auto_generated|pll1|clk[0] ; pll_inst|altpll_component|auto_generated|pll1|clk[0] ; 7.142        ; -0.060     ; 3.998      ;
; 3.106 ; tick_counter[18] ; tick_counter[8]  ; pll_inst|altpll_component|auto_generated|pll1|clk[0] ; pll_inst|altpll_component|auto_generated|pll1|clk[0] ; 7.142        ; -0.060     ; 3.971      ;
; 3.196 ; tick_counter[12] ; tick_counter[10] ; pll_inst|altpll_component|auto_generated|pll1|clk[0] ; pll_inst|altpll_component|auto_generated|pll1|clk[0] ; 7.142        ; -0.058     ; 3.883      ;
; 3.199 ; tick_counter[12] ; tick_counter[14] ; pll_inst|altpll_component|auto_generated|pll1|clk[0] ; pll_inst|altpll_component|auto_generated|pll1|clk[0] ; 7.142        ; -0.058     ; 3.880      ;
; 3.199 ; tick_counter[12] ; tick_counter[11] ; pll_inst|altpll_component|auto_generated|pll1|clk[0] ; pll_inst|altpll_component|auto_generated|pll1|clk[0] ; 7.142        ; -0.058     ; 3.880      ;
; 3.220 ; tick_counter[17] ; tick_counter[10] ; pll_inst|altpll_component|auto_generated|pll1|clk[0] ; pll_inst|altpll_component|auto_generated|pll1|clk[0] ; 7.142        ; -0.060     ; 3.857      ;
; 3.223 ; tick_counter[17] ; tick_counter[14] ; pll_inst|altpll_component|auto_generated|pll1|clk[0] ; pll_inst|altpll_component|auto_generated|pll1|clk[0] ; 7.142        ; -0.060     ; 3.854      ;
; 3.223 ; tick_counter[17] ; tick_counter[11] ; pll_inst|altpll_component|auto_generated|pll1|clk[0] ; pll_inst|altpll_component|auto_generated|pll1|clk[0] ; 7.142        ; -0.060     ; 3.854      ;
; 3.226 ; tick_counter[12] ; tick_counter[8]  ; pll_inst|altpll_component|auto_generated|pll1|clk[0] ; pll_inst|altpll_component|auto_generated|pll1|clk[0] ; 7.142        ; -0.058     ; 3.853      ;
; 3.248 ; tick_counter[21] ; tick_counter[10] ; pll_inst|altpll_component|auto_generated|pll1|clk[0] ; pll_inst|altpll_component|auto_generated|pll1|clk[0] ; 7.142        ; -0.060     ; 3.829      ;
; 3.250 ; tick_counter[17] ; tick_counter[8]  ; pll_inst|altpll_component|auto_generated|pll1|clk[0] ; pll_inst|altpll_component|auto_generated|pll1|clk[0] ; 7.142        ; -0.060     ; 3.827      ;
; 3.251 ; tick_counter[21] ; tick_counter[14] ; pll_inst|altpll_component|auto_generated|pll1|clk[0] ; pll_inst|altpll_component|auto_generated|pll1|clk[0] ; 7.142        ; -0.060     ; 3.826      ;
; 3.251 ; tick_counter[21] ; tick_counter[11] ; pll_inst|altpll_component|auto_generated|pll1|clk[0] ; pll_inst|altpll_component|auto_generated|pll1|clk[0] ; 7.142        ; -0.060     ; 3.826      ;
; 3.254 ; tick_counter[18] ; tick_counter[16] ; pll_inst|altpll_component|auto_generated|pll1|clk[0] ; pll_inst|altpll_component|auto_generated|pll1|clk[0] ; 7.142        ; -0.060     ; 3.823      ;
; 3.254 ; tick_counter[18] ; tick_counter[22] ; pll_inst|altpll_component|auto_generated|pll1|clk[0] ; pll_inst|altpll_component|auto_generated|pll1|clk[0] ; 7.142        ; -0.060     ; 3.823      ;
; 3.278 ; tick_counter[21] ; tick_counter[8]  ; pll_inst|altpll_component|auto_generated|pll1|clk[0] ; pll_inst|altpll_component|auto_generated|pll1|clk[0] ; 7.142        ; -0.060     ; 3.799      ;
; 3.298 ; tick_counter[20] ; tick_counter[10] ; pll_inst|altpll_component|auto_generated|pll1|clk[0] ; pll_inst|altpll_component|auto_generated|pll1|clk[0] ; 7.142        ; -0.060     ; 3.779      ;
; 3.301 ; tick_counter[20] ; tick_counter[14] ; pll_inst|altpll_component|auto_generated|pll1|clk[0] ; pll_inst|altpll_component|auto_generated|pll1|clk[0] ; 7.142        ; -0.060     ; 3.776      ;
; 3.301 ; tick_counter[20] ; tick_counter[11] ; pll_inst|altpll_component|auto_generated|pll1|clk[0] ; pll_inst|altpll_component|auto_generated|pll1|clk[0] ; 7.142        ; -0.060     ; 3.776      ;
; 3.325 ; tick_counter[15] ; tick_counter[10] ; pll_inst|altpll_component|auto_generated|pll1|clk[0] ; pll_inst|altpll_component|auto_generated|pll1|clk[0] ; 7.142        ; -0.060     ; 3.752      ;
; 3.326 ; tick_counter[7]  ; tick_counter[10] ; pll_inst|altpll_component|auto_generated|pll1|clk[0] ; pll_inst|altpll_component|auto_generated|pll1|clk[0] ; 7.142        ; -0.058     ; 3.753      ;
; 3.328 ; tick_counter[20] ; tick_counter[8]  ; pll_inst|altpll_component|auto_generated|pll1|clk[0] ; pll_inst|altpll_component|auto_generated|pll1|clk[0] ; 7.142        ; -0.060     ; 3.749      ;
; 3.328 ; tick_counter[15] ; tick_counter[14] ; pll_inst|altpll_component|auto_generated|pll1|clk[0] ; pll_inst|altpll_component|auto_generated|pll1|clk[0] ; 7.142        ; -0.060     ; 3.749      ;
; 3.328 ; tick_counter[15] ; tick_counter[11] ; pll_inst|altpll_component|auto_generated|pll1|clk[0] ; pll_inst|altpll_component|auto_generated|pll1|clk[0] ; 7.142        ; -0.060     ; 3.749      ;
; 3.329 ; tick_counter[7]  ; tick_counter[14] ; pll_inst|altpll_component|auto_generated|pll1|clk[0] ; pll_inst|altpll_component|auto_generated|pll1|clk[0] ; 7.142        ; -0.058     ; 3.750      ;
; 3.329 ; tick_counter[7]  ; tick_counter[11] ; pll_inst|altpll_component|auto_generated|pll1|clk[0] ; pll_inst|altpll_component|auto_generated|pll1|clk[0] ; 7.142        ; -0.058     ; 3.750      ;
; 3.349 ; tick_counter[19] ; tick_counter[10] ; pll_inst|altpll_component|auto_generated|pll1|clk[0] ; pll_inst|altpll_component|auto_generated|pll1|clk[0] ; 7.142        ; -0.060     ; 3.728      ;
; 3.352 ; tick_counter[19] ; tick_counter[14] ; pll_inst|altpll_component|auto_generated|pll1|clk[0] ; pll_inst|altpll_component|auto_generated|pll1|clk[0] ; 7.142        ; -0.060     ; 3.725      ;
; 3.352 ; tick_counter[19] ; tick_counter[11] ; pll_inst|altpll_component|auto_generated|pll1|clk[0] ; pll_inst|altpll_component|auto_generated|pll1|clk[0] ; 7.142        ; -0.060     ; 3.725      ;
; 3.355 ; tick_counter[13] ; tick_counter[10] ; pll_inst|altpll_component|auto_generated|pll1|clk[0] ; pll_inst|altpll_component|auto_generated|pll1|clk[0] ; 7.142        ; -0.060     ; 3.722      ;
; 3.355 ; tick_counter[15] ; tick_counter[8]  ; pll_inst|altpll_component|auto_generated|pll1|clk[0] ; pll_inst|altpll_component|auto_generated|pll1|clk[0] ; 7.142        ; -0.060     ; 3.722      ;
; 3.356 ; tick_counter[7]  ; tick_counter[8]  ; pll_inst|altpll_component|auto_generated|pll1|clk[0] ; pll_inst|altpll_component|auto_generated|pll1|clk[0] ; 7.142        ; -0.058     ; 3.723      ;
; 3.356 ; tick_counter[13] ; tick_counter[11] ; pll_inst|altpll_component|auto_generated|pll1|clk[0] ; pll_inst|altpll_component|auto_generated|pll1|clk[0] ; 7.142        ; -0.060     ; 3.721      ;
; 3.358 ; tick_counter[13] ; tick_counter[14] ; pll_inst|altpll_component|auto_generated|pll1|clk[0] ; pll_inst|altpll_component|auto_generated|pll1|clk[0] ; 7.142        ; -0.060     ; 3.719      ;
; 3.362 ; tick_counter[18] ; tick_counter[23] ; pll_inst|altpll_component|auto_generated|pll1|clk[0] ; pll_inst|altpll_component|auto_generated|pll1|clk[0] ; 7.142        ; -0.062     ; 3.713      ;
; 3.362 ; tick_counter[18] ; tick_counter[24] ; pll_inst|altpll_component|auto_generated|pll1|clk[0] ; pll_inst|altpll_component|auto_generated|pll1|clk[0] ; 7.142        ; -0.062     ; 3.713      ;
; 3.363 ; tick_counter[18] ; tick_counter[25] ; pll_inst|altpll_component|auto_generated|pll1|clk[0] ; pll_inst|altpll_component|auto_generated|pll1|clk[0] ; 7.142        ; -0.062     ; 3.712      ;
; 3.368 ; tick_counter[25] ; tick_counter[10] ; pll_inst|altpll_component|auto_generated|pll1|clk[0] ; pll_inst|altpll_component|auto_generated|pll1|clk[0] ; 7.142        ; -0.060     ; 3.709      ;
; 3.371 ; tick_counter[25] ; tick_counter[14] ; pll_inst|altpll_component|auto_generated|pll1|clk[0] ; pll_inst|altpll_component|auto_generated|pll1|clk[0] ; 7.142        ; -0.060     ; 3.706      ;
; 3.371 ; tick_counter[25] ; tick_counter[11] ; pll_inst|altpll_component|auto_generated|pll1|clk[0] ; pll_inst|altpll_component|auto_generated|pll1|clk[0] ; 7.142        ; -0.060     ; 3.706      ;
; 3.374 ; tick_counter[12] ; tick_counter[16] ; pll_inst|altpll_component|auto_generated|pll1|clk[0] ; pll_inst|altpll_component|auto_generated|pll1|clk[0] ; 7.142        ; -0.058     ; 3.705      ;
; 3.374 ; tick_counter[12] ; tick_counter[22] ; pll_inst|altpll_component|auto_generated|pll1|clk[0] ; pll_inst|altpll_component|auto_generated|pll1|clk[0] ; 7.142        ; -0.058     ; 3.705      ;
; 3.378 ; tick_counter[1]  ; tick_counter[22] ; pll_inst|altpll_component|auto_generated|pll1|clk[0] ; pll_inst|altpll_component|auto_generated|pll1|clk[0] ; 7.142        ; -0.058     ; 3.701      ;
; 3.379 ; tick_counter[19] ; tick_counter[8]  ; pll_inst|altpll_component|auto_generated|pll1|clk[0] ; pll_inst|altpll_component|auto_generated|pll1|clk[0] ; 7.142        ; -0.060     ; 3.698      ;
; 3.385 ; tick_counter[13] ; tick_counter[8]  ; pll_inst|altpll_component|auto_generated|pll1|clk[0] ; pll_inst|altpll_component|auto_generated|pll1|clk[0] ; 7.142        ; -0.060     ; 3.692      ;
; 3.398 ; tick_counter[25] ; tick_counter[8]  ; pll_inst|altpll_component|auto_generated|pll1|clk[0] ; pll_inst|altpll_component|auto_generated|pll1|clk[0] ; 7.142        ; -0.060     ; 3.679      ;
; 3.398 ; tick_counter[17] ; tick_counter[16] ; pll_inst|altpll_component|auto_generated|pll1|clk[0] ; pll_inst|altpll_component|auto_generated|pll1|clk[0] ; 7.142        ; -0.060     ; 3.679      ;
; 3.398 ; tick_counter[17] ; tick_counter[22] ; pll_inst|altpll_component|auto_generated|pll1|clk[0] ; pll_inst|altpll_component|auto_generated|pll1|clk[0] ; 7.142        ; -0.060     ; 3.679      ;
; 3.417 ; tick_counter[6]  ; tick_counter[10] ; pll_inst|altpll_component|auto_generated|pll1|clk[0] ; pll_inst|altpll_component|auto_generated|pll1|clk[0] ; 7.142        ; -0.058     ; 3.662      ;
; 3.420 ; tick_counter[6]  ; tick_counter[14] ; pll_inst|altpll_component|auto_generated|pll1|clk[0] ; pll_inst|altpll_component|auto_generated|pll1|clk[0] ; 7.142        ; -0.058     ; 3.659      ;
; 3.420 ; tick_counter[6]  ; tick_counter[11] ; pll_inst|altpll_component|auto_generated|pll1|clk[0] ; pll_inst|altpll_component|auto_generated|pll1|clk[0] ; 7.142        ; -0.058     ; 3.659      ;
; 3.426 ; tick_counter[21] ; tick_counter[16] ; pll_inst|altpll_component|auto_generated|pll1|clk[0] ; pll_inst|altpll_component|auto_generated|pll1|clk[0] ; 7.142        ; -0.060     ; 3.651      ;
; 3.426 ; tick_counter[21] ; tick_counter[22] ; pll_inst|altpll_component|auto_generated|pll1|clk[0] ; pll_inst|altpll_component|auto_generated|pll1|clk[0] ; 7.142        ; -0.060     ; 3.651      ;
; 3.447 ; tick_counter[6]  ; tick_counter[8]  ; pll_inst|altpll_component|auto_generated|pll1|clk[0] ; pll_inst|altpll_component|auto_generated|pll1|clk[0] ; 7.142        ; -0.058     ; 3.632      ;
; 3.459 ; tick_counter[0]  ; tick_counter[22] ; pll_inst|altpll_component|auto_generated|pll1|clk[0] ; pll_inst|altpll_component|auto_generated|pll1|clk[0] ; 7.142        ; -0.058     ; 3.620      ;
; 3.474 ; tick_counter[12] ; tick_counter[23] ; pll_inst|altpll_component|auto_generated|pll1|clk[0] ; pll_inst|altpll_component|auto_generated|pll1|clk[0] ; 7.142        ; -0.060     ; 3.603      ;
; 3.475 ; tick_counter[12] ; tick_counter[25] ; pll_inst|altpll_component|auto_generated|pll1|clk[0] ; pll_inst|altpll_component|auto_generated|pll1|clk[0] ; 7.142        ; -0.060     ; 3.602      ;
; 3.475 ; tick_counter[12] ; tick_counter[24] ; pll_inst|altpll_component|auto_generated|pll1|clk[0] ; pll_inst|altpll_component|auto_generated|pll1|clk[0] ; 7.142        ; -0.060     ; 3.602      ;
; 3.476 ; tick_counter[20] ; tick_counter[16] ; pll_inst|altpll_component|auto_generated|pll1|clk[0] ; pll_inst|altpll_component|auto_generated|pll1|clk[0] ; 7.142        ; -0.060     ; 3.601      ;
; 3.476 ; tick_counter[20] ; tick_counter[22] ; pll_inst|altpll_component|auto_generated|pll1|clk[0] ; pll_inst|altpll_component|auto_generated|pll1|clk[0] ; 7.142        ; -0.060     ; 3.601      ;
; 3.496 ; tick_counter[3]  ; tick_counter[22] ; pll_inst|altpll_component|auto_generated|pll1|clk[0] ; pll_inst|altpll_component|auto_generated|pll1|clk[0] ; 7.142        ; -0.058     ; 3.583      ;
; 3.503 ; tick_counter[15] ; tick_counter[16] ; pll_inst|altpll_component|auto_generated|pll1|clk[0] ; pll_inst|altpll_component|auto_generated|pll1|clk[0] ; 7.142        ; -0.060     ; 3.574      ;
; 3.503 ; tick_counter[15] ; tick_counter[22] ; pll_inst|altpll_component|auto_generated|pll1|clk[0] ; pll_inst|altpll_component|auto_generated|pll1|clk[0] ; 7.142        ; -0.060     ; 3.574      ;
; 3.504 ; tick_counter[7]  ; tick_counter[16] ; pll_inst|altpll_component|auto_generated|pll1|clk[0] ; pll_inst|altpll_component|auto_generated|pll1|clk[0] ; 7.142        ; -0.058     ; 3.575      ;
; 3.504 ; tick_counter[7]  ; tick_counter[22] ; pll_inst|altpll_component|auto_generated|pll1|clk[0] ; pll_inst|altpll_component|auto_generated|pll1|clk[0] ; 7.142        ; -0.058     ; 3.575      ;
; 3.506 ; tick_counter[17] ; tick_counter[23] ; pll_inst|altpll_component|auto_generated|pll1|clk[0] ; pll_inst|altpll_component|auto_generated|pll1|clk[0] ; 7.142        ; -0.062     ; 3.569      ;
; 3.506 ; tick_counter[17] ; tick_counter[24] ; pll_inst|altpll_component|auto_generated|pll1|clk[0] ; pll_inst|altpll_component|auto_generated|pll1|clk[0] ; 7.142        ; -0.062     ; 3.569      ;
; 3.507 ; tick_counter[17] ; tick_counter[25] ; pll_inst|altpll_component|auto_generated|pll1|clk[0] ; pll_inst|altpll_component|auto_generated|pll1|clk[0] ; 7.142        ; -0.062     ; 3.568      ;
; 3.513 ; tick_counter[8]  ; tick_counter[22] ; pll_inst|altpll_component|auto_generated|pll1|clk[0] ; pll_inst|altpll_component|auto_generated|pll1|clk[0] ; 7.142        ; -0.061     ; 3.563      ;
; 3.527 ; tick_counter[19] ; tick_counter[16] ; pll_inst|altpll_component|auto_generated|pll1|clk[0] ; pll_inst|altpll_component|auto_generated|pll1|clk[0] ; 7.142        ; -0.060     ; 3.550      ;
; 3.527 ; tick_counter[19] ; tick_counter[22] ; pll_inst|altpll_component|auto_generated|pll1|clk[0] ; pll_inst|altpll_component|auto_generated|pll1|clk[0] ; 7.142        ; -0.060     ; 3.550      ;
; 3.531 ; tick_counter[13] ; tick_counter[16] ; pll_inst|altpll_component|auto_generated|pll1|clk[0] ; pll_inst|altpll_component|auto_generated|pll1|clk[0] ; 7.142        ; -0.060     ; 3.546      ;
; 3.531 ; tick_counter[13] ; tick_counter[22] ; pll_inst|altpll_component|auto_generated|pll1|clk[0] ; pll_inst|altpll_component|auto_generated|pll1|clk[0] ; 7.142        ; -0.060     ; 3.546      ;
; 3.534 ; tick_counter[21] ; tick_counter[23] ; pll_inst|altpll_component|auto_generated|pll1|clk[0] ; pll_inst|altpll_component|auto_generated|pll1|clk[0] ; 7.142        ; -0.062     ; 3.541      ;
; 3.534 ; tick_counter[21] ; tick_counter[24] ; pll_inst|altpll_component|auto_generated|pll1|clk[0] ; pll_inst|altpll_component|auto_generated|pll1|clk[0] ; 7.142        ; -0.062     ; 3.541      ;
; 3.535 ; tick_counter[21] ; tick_counter[25] ; pll_inst|altpll_component|auto_generated|pll1|clk[0] ; pll_inst|altpll_component|auto_generated|pll1|clk[0] ; 7.142        ; -0.062     ; 3.540      ;
; 3.546 ; tick_counter[25] ; tick_counter[16] ; pll_inst|altpll_component|auto_generated|pll1|clk[0] ; pll_inst|altpll_component|auto_generated|pll1|clk[0] ; 7.142        ; -0.060     ; 3.531      ;
; 3.546 ; tick_counter[25] ; tick_counter[22] ; pll_inst|altpll_component|auto_generated|pll1|clk[0] ; pll_inst|altpll_component|auto_generated|pll1|clk[0] ; 7.142        ; -0.060     ; 3.531      ;
; 3.549 ; tick_counter[11] ; tick_counter[22] ; pll_inst|altpll_component|auto_generated|pll1|clk[0] ; pll_inst|altpll_component|auto_generated|pll1|clk[0] ; 7.142        ; -0.061     ; 3.527      ;
; 3.568 ; tick_counter[1]  ; tick_counter[16] ; pll_inst|altpll_component|auto_generated|pll1|clk[0] ; pll_inst|altpll_component|auto_generated|pll1|clk[0] ; 7.142        ; -0.058     ; 3.511      ;
; 3.573 ; tick_counter[2]  ; tick_counter[22] ; pll_inst|altpll_component|auto_generated|pll1|clk[0] ; pll_inst|altpll_component|auto_generated|pll1|clk[0] ; 7.142        ; -0.058     ; 3.506      ;
; 3.584 ; tick_counter[20] ; tick_counter[23] ; pll_inst|altpll_component|auto_generated|pll1|clk[0] ; pll_inst|altpll_component|auto_generated|pll1|clk[0] ; 7.142        ; -0.062     ; 3.491      ;
; 3.584 ; tick_counter[20] ; tick_counter[24] ; pll_inst|altpll_component|auto_generated|pll1|clk[0] ; pll_inst|altpll_component|auto_generated|pll1|clk[0] ; 7.142        ; -0.062     ; 3.491      ;
; 3.585 ; tick_counter[20] ; tick_counter[25] ; pll_inst|altpll_component|auto_generated|pll1|clk[0] ; pll_inst|altpll_component|auto_generated|pll1|clk[0] ; 7.142        ; -0.062     ; 3.490      ;
; 3.595 ; tick_counter[6]  ; tick_counter[16] ; pll_inst|altpll_component|auto_generated|pll1|clk[0] ; pll_inst|altpll_component|auto_generated|pll1|clk[0] ; 7.142        ; -0.058     ; 3.484      ;
; 3.595 ; tick_counter[6]  ; tick_counter[22] ; pll_inst|altpll_component|auto_generated|pll1|clk[0] ; pll_inst|altpll_component|auto_generated|pll1|clk[0] ; 7.142        ; -0.058     ; 3.484      ;
; 3.608 ; tick_counter[5]  ; tick_counter[22] ; pll_inst|altpll_component|auto_generated|pll1|clk[0] ; pll_inst|altpll_component|auto_generated|pll1|clk[0] ; 7.142        ; -0.058     ; 3.471      ;
; 3.611 ; tick_counter[15] ; tick_counter[23] ; pll_inst|altpll_component|auto_generated|pll1|clk[0] ; pll_inst|altpll_component|auto_generated|pll1|clk[0] ; 7.142        ; -0.062     ; 3.464      ;
; 3.611 ; tick_counter[15] ; tick_counter[24] ; pll_inst|altpll_component|auto_generated|pll1|clk[0] ; pll_inst|altpll_component|auto_generated|pll1|clk[0] ; 7.142        ; -0.062     ; 3.464      ;
; 3.612 ; tick_counter[7]  ; tick_counter[23] ; pll_inst|altpll_component|auto_generated|pll1|clk[0] ; pll_inst|altpll_component|auto_generated|pll1|clk[0] ; 7.142        ; -0.060     ; 3.465      ;
; 3.612 ; tick_counter[7]  ; tick_counter[24] ; pll_inst|altpll_component|auto_generated|pll1|clk[0] ; pll_inst|altpll_component|auto_generated|pll1|clk[0] ; 7.142        ; -0.060     ; 3.465      ;
; 3.612 ; tick_counter[15] ; tick_counter[25] ; pll_inst|altpll_component|auto_generated|pll1|clk[0] ; pll_inst|altpll_component|auto_generated|pll1|clk[0] ; 7.142        ; -0.062     ; 3.463      ;
; 3.613 ; tick_counter[7]  ; tick_counter[25] ; pll_inst|altpll_component|auto_generated|pll1|clk[0] ; pll_inst|altpll_component|auto_generated|pll1|clk[0] ; 7.142        ; -0.060     ; 3.464      ;
; 3.627 ; tick_counter[13] ; tick_counter[23] ; pll_inst|altpll_component|auto_generated|pll1|clk[0] ; pll_inst|altpll_component|auto_generated|pll1|clk[0] ; 7.142        ; -0.062     ; 3.448      ;
; 3.628 ; tick_counter[13] ; tick_counter[25] ; pll_inst|altpll_component|auto_generated|pll1|clk[0] ; pll_inst|altpll_component|auto_generated|pll1|clk[0] ; 7.142        ; -0.062     ; 3.447      ;
; 3.628 ; tick_counter[13] ; tick_counter[24] ; pll_inst|altpll_component|auto_generated|pll1|clk[0] ; pll_inst|altpll_component|auto_generated|pll1|clk[0] ; 7.142        ; -0.062     ; 3.447      ;
; 3.631 ; tick_counter[3]  ; tick_counter[10] ; pll_inst|altpll_component|auto_generated|pll1|clk[0] ; pll_inst|altpll_component|auto_generated|pll1|clk[0] ; 7.142        ; -0.058     ; 3.448      ;
; 3.634 ; tick_counter[3]  ; tick_counter[14] ; pll_inst|altpll_component|auto_generated|pll1|clk[0] ; pll_inst|altpll_component|auto_generated|pll1|clk[0] ; 7.142        ; -0.058     ; 3.445      ;
+-------+------------------+------------------+------------------------------------------------------+------------------------------------------------------+--------------+------------+------------+


+----------------------------------------------------------------------------------------------------------------------------------------------------------------------------------------------------------------------------------------------+
; Slow 1200mV 85C Model Hold: 'pll_inst|altpll_component|auto_generated|pll1|clk[0]'                                                                                                                                                           ;
+-------+---------------------------------------+---------------------------------------+------------------------------------------------------+------------------------------------------------------+--------------+------------+------------+
; Slack ; From Node                             ; To Node                               ; Launch Clock                                         ; Latch Clock                                          ; Relationship ; Clock Skew ; Data Delay ;
+-------+---------------------------------------+---------------------------------------+------------------------------------------------------+------------------------------------------------------+--------------+------------+------------+
; 0.339 ; morse_fsm:morse_fsm_inst|state_idx[2] ; morse_fsm:morse_fsm_inst|state_idx[2] ; pll_inst|altpll_component|auto_generated|pll1|clk[0] ; pll_inst|altpll_component|auto_generated|pll1|clk[0] ; 0.000        ; 0.061      ; 0.577      ;
; 0.549 ; tick_counter[19]                      ; tick_counter[19]                      ; pll_inst|altpll_component|auto_generated|pll1|clk[0] ; pll_inst|altpll_component|auto_generated|pll1|clk[0] ; 0.000        ; 0.062      ; 0.788      ;
; 0.549 ; tick_counter[12]                      ; tick_counter[12]                      ; pll_inst|altpll_component|auto_generated|pll1|clk[0] ; pll_inst|altpll_component|auto_generated|pll1|clk[0] ; 0.000        ; 0.061      ; 0.787      ;
; 0.549 ; tick_counter[13]                      ; tick_counter[13]                      ; pll_inst|altpll_component|auto_generated|pll1|clk[0] ; pll_inst|altpll_component|auto_generated|pll1|clk[0] ; 0.000        ; 0.062      ; 0.788      ;
; 0.549 ; morse_fsm:morse_fsm_inst|state_idx[1] ; morse_fsm:morse_fsm_inst|state_idx[1] ; pll_inst|altpll_component|auto_generated|pll1|clk[0] ; pll_inst|altpll_component|auto_generated|pll1|clk[0] ; 0.000        ; 0.062      ; 0.788      ;
; 0.550 ; tick_counter[3]                       ; tick_counter[3]                       ; pll_inst|altpll_component|auto_generated|pll1|clk[0] ; pll_inst|altpll_component|auto_generated|pll1|clk[0] ; 0.000        ; 0.061      ; 0.788      ;
; 0.550 ; tick_counter[15]                      ; tick_counter[15]                      ; pll_inst|altpll_component|auto_generated|pll1|clk[0] ; pll_inst|altpll_component|auto_generated|pll1|clk[0] ; 0.000        ; 0.062      ; 0.789      ;
; 0.550 ; tick_counter[18]                      ; tick_counter[18]                      ; pll_inst|altpll_component|auto_generated|pll1|clk[0] ; pll_inst|altpll_component|auto_generated|pll1|clk[0] ; 0.000        ; 0.062      ; 0.789      ;
; 0.551 ; tick_counter[2]                       ; tick_counter[2]                       ; pll_inst|altpll_component|auto_generated|pll1|clk[0] ; pll_inst|altpll_component|auto_generated|pll1|clk[0] ; 0.000        ; 0.061      ; 0.789      ;
; 0.551 ; tick_counter[9]                       ; tick_counter[9]                       ; pll_inst|altpll_component|auto_generated|pll1|clk[0] ; pll_inst|altpll_component|auto_generated|pll1|clk[0] ; 0.000        ; 0.061      ; 0.789      ;
; 0.551 ; tick_counter[1]                       ; tick_counter[1]                       ; pll_inst|altpll_component|auto_generated|pll1|clk[0] ; pll_inst|altpll_component|auto_generated|pll1|clk[0] ; 0.000        ; 0.061      ; 0.789      ;
; 0.551 ; tick_counter[17]                      ; tick_counter[17]                      ; pll_inst|altpll_component|auto_generated|pll1|clk[0] ; pll_inst|altpll_component|auto_generated|pll1|clk[0] ; 0.000        ; 0.062      ; 0.790      ;
; 0.552 ; tick_counter[5]                       ; tick_counter[5]                       ; pll_inst|altpll_component|auto_generated|pll1|clk[0] ; pll_inst|altpll_component|auto_generated|pll1|clk[0] ; 0.000        ; 0.061      ; 0.790      ;
; 0.552 ; tick_counter[21]                      ; tick_counter[21]                      ; pll_inst|altpll_component|auto_generated|pll1|clk[0] ; pll_inst|altpll_component|auto_generated|pll1|clk[0] ; 0.000        ; 0.062      ; 0.791      ;
; 0.552 ; morse_fsm:morse_fsm_inst|state_idx[3] ; morse_fsm:morse_fsm_inst|state_idx[3] ; pll_inst|altpll_component|auto_generated|pll1|clk[0] ; pll_inst|altpll_component|auto_generated|pll1|clk[0] ; 0.000        ; 0.062      ; 0.791      ;
; 0.554 ; tick_counter[4]                       ; tick_counter[4]                       ; pll_inst|altpll_component|auto_generated|pll1|clk[0] ; pll_inst|altpll_component|auto_generated|pll1|clk[0] ; 0.000        ; 0.061      ; 0.792      ;
; 0.554 ; tick_counter[20]                      ; tick_counter[20]                      ; pll_inst|altpll_component|auto_generated|pll1|clk[0] ; pll_inst|altpll_component|auto_generated|pll1|clk[0] ; 0.000        ; 0.062      ; 0.793      ;
; 0.554 ; morse_fsm:morse_fsm_inst|state_idx[4] ; morse_fsm:morse_fsm_inst|state_idx[4] ; pll_inst|altpll_component|auto_generated|pll1|clk[0] ; pll_inst|altpll_component|auto_generated|pll1|clk[0] ; 0.000        ; 0.062      ; 0.793      ;
; 0.556 ; morse_fsm:morse_fsm_inst|state_idx[2] ; morse_fsm:morse_fsm_inst|state_idx[5] ; pll_inst|altpll_component|auto_generated|pll1|clk[0] ; pll_inst|altpll_component|auto_generated|pll1|clk[0] ; 0.000        ; 0.061      ; 0.794      ;
; 0.568 ; tick_counter[0]                       ; tick_counter[0]                       ; pll_inst|altpll_component|auto_generated|pll1|clk[0] ; pll_inst|altpll_component|auto_generated|pll1|clk[0] ; 0.000        ; 0.061      ; 0.806      ;
; 0.605 ; morse_fsm:morse_fsm_inst|state_idx[0] ; morse_fsm:morse_fsm_inst|state_idx[0] ; pll_inst|altpll_component|auto_generated|pll1|clk[0] ; pll_inst|altpll_component|auto_generated|pll1|clk[0] ; 0.000        ; 0.062      ; 0.844      ;
; 0.823 ; morse_fsm:morse_fsm_inst|state_idx[1] ; morse_fsm:morse_fsm_inst|state_idx[5] ; pll_inst|altpll_component|auto_generated|pll1|clk[0] ; pll_inst|altpll_component|auto_generated|pll1|clk[0] ; 0.000        ; 0.058      ; 1.058      ;
; 0.824 ; tick_counter[19]                      ; tick_counter[20]                      ; pll_inst|altpll_component|auto_generated|pll1|clk[0] ; pll_inst|altpll_component|auto_generated|pll1|clk[0] ; 0.000        ; 0.062      ; 1.063      ;
; 0.825 ; tick_counter[17]                      ; tick_counter[18]                      ; pll_inst|altpll_component|auto_generated|pll1|clk[0] ; pll_inst|altpll_component|auto_generated|pll1|clk[0] ; 0.000        ; 0.062      ; 1.064      ;
; 0.825 ; tick_counter[1]                       ; tick_counter[2]                       ; pll_inst|altpll_component|auto_generated|pll1|clk[0] ; pll_inst|altpll_component|auto_generated|pll1|clk[0] ; 0.000        ; 0.061      ; 1.063      ;
; 0.825 ; tick_counter[3]                       ; tick_counter[4]                       ; pll_inst|altpll_component|auto_generated|pll1|clk[0] ; pll_inst|altpll_component|auto_generated|pll1|clk[0] ; 0.000        ; 0.061      ; 1.063      ;
; 0.826 ; morse_fsm:morse_fsm_inst|state_idx[3] ; morse_fsm:morse_fsm_inst|state_idx[4] ; pll_inst|altpll_component|auto_generated|pll1|clk[0] ; pll_inst|altpll_component|auto_generated|pll1|clk[0] ; 0.000        ; 0.062      ; 1.065      ;
; 0.835 ; tick_counter[12]                      ; tick_counter[13]                      ; pll_inst|altpll_component|auto_generated|pll1|clk[0] ; pll_inst|altpll_component|auto_generated|pll1|clk[0] ; 0.000        ; 0.063      ; 1.075      ;
; 0.838 ; tick_counter[18]                      ; tick_counter[19]                      ; pll_inst|altpll_component|auto_generated|pll1|clk[0] ; pll_inst|altpll_component|auto_generated|pll1|clk[0] ; 0.000        ; 0.062      ; 1.077      ;
; 0.838 ; tick_counter[0]                       ; tick_counter[1]                       ; pll_inst|altpll_component|auto_generated|pll1|clk[0] ; pll_inst|altpll_component|auto_generated|pll1|clk[0] ; 0.000        ; 0.061      ; 1.076      ;
; 0.839 ; tick_counter[2]                       ; tick_counter[3]                       ; pll_inst|altpll_component|auto_generated|pll1|clk[0] ; pll_inst|altpll_component|auto_generated|pll1|clk[0] ; 0.000        ; 0.061      ; 1.077      ;
; 0.840 ; tick_counter[18]                      ; tick_counter[20]                      ; pll_inst|altpll_component|auto_generated|pll1|clk[0] ; pll_inst|altpll_component|auto_generated|pll1|clk[0] ; 0.000        ; 0.062      ; 1.079      ;
; 0.840 ; tick_counter[0]                       ; tick_counter[2]                       ; pll_inst|altpll_component|auto_generated|pll1|clk[0] ; pll_inst|altpll_component|auto_generated|pll1|clk[0] ; 0.000        ; 0.061      ; 1.078      ;
; 0.841 ; tick_counter[4]                       ; tick_counter[5]                       ; pll_inst|altpll_component|auto_generated|pll1|clk[0] ; pll_inst|altpll_component|auto_generated|pll1|clk[0] ; 0.000        ; 0.061      ; 1.079      ;
; 0.841 ; tick_counter[20]                      ; tick_counter[21]                      ; pll_inst|altpll_component|auto_generated|pll1|clk[0] ; pll_inst|altpll_component|auto_generated|pll1|clk[0] ; 0.000        ; 0.062      ; 1.080      ;
; 0.841 ; tick_counter[2]                       ; tick_counter[4]                       ; pll_inst|altpll_component|auto_generated|pll1|clk[0] ; pll_inst|altpll_component|auto_generated|pll1|clk[0] ; 0.000        ; 0.061      ; 1.079      ;
; 0.872 ; morse_fsm:morse_fsm_inst|state_idx[0] ; morse_fsm:morse_fsm_inst|state_idx[1] ; pll_inst|altpll_component|auto_generated|pll1|clk[0] ; pll_inst|altpll_component|auto_generated|pll1|clk[0] ; 0.000        ; 0.062      ; 1.111      ;
; 0.933 ; tick_counter[13]                      ; tick_counter[15]                      ; pll_inst|altpll_component|auto_generated|pll1|clk[0] ; pll_inst|altpll_component|auto_generated|pll1|clk[0] ; 0.000        ; 0.062      ; 1.172      ;
; 0.934 ; tick_counter[15]                      ; tick_counter[17]                      ; pll_inst|altpll_component|auto_generated|pll1|clk[0] ; pll_inst|altpll_component|auto_generated|pll1|clk[0] ; 0.000        ; 0.062      ; 1.173      ;
; 0.934 ; morse_fsm:morse_fsm_inst|state_idx[1] ; morse_fsm:morse_fsm_inst|state_idx[3] ; pll_inst|altpll_component|auto_generated|pll1|clk[0] ; pll_inst|altpll_component|auto_generated|pll1|clk[0] ; 0.000        ; 0.062      ; 1.173      ;
; 0.934 ; tick_counter[19]                      ; tick_counter[21]                      ; pll_inst|altpll_component|auto_generated|pll1|clk[0] ; pll_inst|altpll_component|auto_generated|pll1|clk[0] ; 0.000        ; 0.062      ; 1.173      ;
; 0.935 ; tick_counter[17]                      ; tick_counter[19]                      ; pll_inst|altpll_component|auto_generated|pll1|clk[0] ; pll_inst|altpll_component|auto_generated|pll1|clk[0] ; 0.000        ; 0.062      ; 1.174      ;
; 0.935 ; tick_counter[1]                       ; tick_counter[3]                       ; pll_inst|altpll_component|auto_generated|pll1|clk[0] ; pll_inst|altpll_component|auto_generated|pll1|clk[0] ; 0.000        ; 0.061      ; 1.173      ;
; 0.935 ; tick_counter[3]                       ; tick_counter[5]                       ; pll_inst|altpll_component|auto_generated|pll1|clk[0] ; pll_inst|altpll_component|auto_generated|pll1|clk[0] ; 0.000        ; 0.061      ; 1.173      ;
; 0.936 ; tick_counter[15]                      ; tick_counter[18]                      ; pll_inst|altpll_component|auto_generated|pll1|clk[0] ; pll_inst|altpll_component|auto_generated|pll1|clk[0] ; 0.000        ; 0.062      ; 1.175      ;
; 0.936 ; morse_fsm:morse_fsm_inst|state_idx[1] ; morse_fsm:morse_fsm_inst|state_idx[4] ; pll_inst|altpll_component|auto_generated|pll1|clk[0] ; pll_inst|altpll_component|auto_generated|pll1|clk[0] ; 0.000        ; 0.062      ; 1.175      ;
; 0.937 ; tick_counter[9]                       ; tick_counter[12]                      ; pll_inst|altpll_component|auto_generated|pll1|clk[0] ; pll_inst|altpll_component|auto_generated|pll1|clk[0] ; 0.000        ; 0.061      ; 1.175      ;
; 0.937 ; tick_counter[7]                       ; tick_counter[9]                       ; pll_inst|altpll_component|auto_generated|pll1|clk[0] ; pll_inst|altpll_component|auto_generated|pll1|clk[0] ; 0.000        ; 0.061      ; 1.175      ;
; 0.937 ; tick_counter[17]                      ; tick_counter[20]                      ; pll_inst|altpll_component|auto_generated|pll1|clk[0] ; pll_inst|altpll_component|auto_generated|pll1|clk[0] ; 0.000        ; 0.062      ; 1.176      ;
; 0.937 ; tick_counter[1]                       ; tick_counter[4]                       ; pll_inst|altpll_component|auto_generated|pll1|clk[0] ; pll_inst|altpll_component|auto_generated|pll1|clk[0] ; 0.000        ; 0.061      ; 1.175      ;
; 0.940 ; morse_fsm:morse_fsm_inst|state_idx[1] ; morse_fsm:morse_fsm_inst|state_idx[2] ; pll_inst|altpll_component|auto_generated|pll1|clk[0] ; pll_inst|altpll_component|auto_generated|pll1|clk[0] ; 0.000        ; 0.058      ; 1.175      ;
; 0.947 ; tick_counter[12]                      ; tick_counter[15]                      ; pll_inst|altpll_component|auto_generated|pll1|clk[0] ; pll_inst|altpll_component|auto_generated|pll1|clk[0] ; 0.000        ; 0.063      ; 1.187      ;
; 0.950 ; tick_counter[18]                      ; tick_counter[21]                      ; pll_inst|altpll_component|auto_generated|pll1|clk[0] ; pll_inst|altpll_component|auto_generated|pll1|clk[0] ; 0.000        ; 0.062      ; 1.189      ;
; 0.950 ; tick_counter[0]                       ; tick_counter[3]                       ; pll_inst|altpll_component|auto_generated|pll1|clk[0] ; pll_inst|altpll_component|auto_generated|pll1|clk[0] ; 0.000        ; 0.061      ; 1.188      ;
; 0.951 ; tick_counter[24]                      ; tick_counter[24]                      ; pll_inst|altpll_component|auto_generated|pll1|clk[0] ; pll_inst|altpll_component|auto_generated|pll1|clk[0] ; 0.000        ; 0.062      ; 1.190      ;
; 0.951 ; tick_counter[2]                       ; tick_counter[5]                       ; pll_inst|altpll_component|auto_generated|pll1|clk[0] ; pll_inst|altpll_component|auto_generated|pll1|clk[0] ; 0.000        ; 0.061      ; 1.189      ;
; 0.952 ; tick_counter[0]                       ; tick_counter[4]                       ; pll_inst|altpll_component|auto_generated|pll1|clk[0] ; pll_inst|altpll_component|auto_generated|pll1|clk[0] ; 0.000        ; 0.061      ; 1.190      ;
; 0.954 ; tick_counter[6]                       ; tick_counter[9]                       ; pll_inst|altpll_component|auto_generated|pll1|clk[0] ; pll_inst|altpll_component|auto_generated|pll1|clk[0] ; 0.000        ; 0.061      ; 1.192      ;
; 0.984 ; morse_fsm:morse_fsm_inst|state_idx[0] ; morse_fsm:morse_fsm_inst|state_idx[3] ; pll_inst|altpll_component|auto_generated|pll1|clk[0] ; pll_inst|altpll_component|auto_generated|pll1|clk[0] ; 0.000        ; 0.062      ; 1.223      ;
; 0.986 ; morse_fsm:morse_fsm_inst|state_idx[0] ; morse_fsm:morse_fsm_inst|state_idx[4] ; pll_inst|altpll_component|auto_generated|pll1|clk[0] ; pll_inst|altpll_component|auto_generated|pll1|clk[0] ; 0.000        ; 0.062      ; 1.225      ;
; 1.045 ; tick_counter[9]                       ; tick_counter[13]                      ; pll_inst|altpll_component|auto_generated|pll1|clk[0] ; pll_inst|altpll_component|auto_generated|pll1|clk[0] ; 0.000        ; 0.063      ; 1.285      ;
; 1.045 ; tick_counter[13]                      ; tick_counter[17]                      ; pll_inst|altpll_component|auto_generated|pll1|clk[0] ; pll_inst|altpll_component|auto_generated|pll1|clk[0] ; 0.000        ; 0.062      ; 1.284      ;
; 1.046 ; tick_counter[15]                      ; tick_counter[19]                      ; pll_inst|altpll_component|auto_generated|pll1|clk[0] ; pll_inst|altpll_component|auto_generated|pll1|clk[0] ; 0.000        ; 0.062      ; 1.285      ;
; 1.047 ; tick_counter[13]                      ; tick_counter[18]                      ; pll_inst|altpll_component|auto_generated|pll1|clk[0] ; pll_inst|altpll_component|auto_generated|pll1|clk[0] ; 0.000        ; 0.062      ; 1.286      ;
; 1.047 ; tick_counter[17]                      ; tick_counter[21]                      ; pll_inst|altpll_component|auto_generated|pll1|clk[0] ; pll_inst|altpll_component|auto_generated|pll1|clk[0] ; 0.000        ; 0.062      ; 1.286      ;
; 1.047 ; tick_counter[1]                       ; tick_counter[5]                       ; pll_inst|altpll_component|auto_generated|pll1|clk[0] ; pll_inst|altpll_component|auto_generated|pll1|clk[0] ; 0.000        ; 0.061      ; 1.285      ;
; 1.048 ; tick_counter[15]                      ; tick_counter[20]                      ; pll_inst|altpll_component|auto_generated|pll1|clk[0] ; pll_inst|altpll_component|auto_generated|pll1|clk[0] ; 0.000        ; 0.062      ; 1.287      ;
; 1.048 ; tick_counter[5]                       ; tick_counter[9]                       ; pll_inst|altpll_component|auto_generated|pll1|clk[0] ; pll_inst|altpll_component|auto_generated|pll1|clk[0] ; 0.000        ; 0.061      ; 1.286      ;
; 1.051 ; tick_counter[7]                       ; tick_counter[12]                      ; pll_inst|altpll_component|auto_generated|pll1|clk[0] ; pll_inst|altpll_component|auto_generated|pll1|clk[0] ; 0.000        ; 0.061      ; 1.289      ;
; 1.058 ; tick_counter[25]                      ; tick_counter[25]                      ; pll_inst|altpll_component|auto_generated|pll1|clk[0] ; pll_inst|altpll_component|auto_generated|pll1|clk[0] ; 0.000        ; 0.062      ; 1.297      ;
; 1.058 ; tick_counter[23]                      ; tick_counter[23]                      ; pll_inst|altpll_component|auto_generated|pll1|clk[0] ; pll_inst|altpll_component|auto_generated|pll1|clk[0] ; 0.000        ; 0.062      ; 1.297      ;
; 1.059 ; tick_counter[12]                      ; tick_counter[17]                      ; pll_inst|altpll_component|auto_generated|pll1|clk[0] ; pll_inst|altpll_component|auto_generated|pll1|clk[0] ; 0.000        ; 0.063      ; 1.299      ;
; 1.061 ; tick_counter[12]                      ; tick_counter[18]                      ; pll_inst|altpll_component|auto_generated|pll1|clk[0] ; pll_inst|altpll_component|auto_generated|pll1|clk[0] ; 0.000        ; 0.063      ; 1.301      ;
; 1.062 ; tick_counter[0]                       ; tick_counter[5]                       ; pll_inst|altpll_component|auto_generated|pll1|clk[0] ; pll_inst|altpll_component|auto_generated|pll1|clk[0] ; 0.000        ; 0.061      ; 1.300      ;
; 1.064 ; tick_counter[6]                       ; tick_counter[6]                       ; pll_inst|altpll_component|auto_generated|pll1|clk[0] ; pll_inst|altpll_component|auto_generated|pll1|clk[0] ; 0.000        ; 0.061      ; 1.302      ;
; 1.064 ; tick_counter[7]                       ; tick_counter[7]                       ; pll_inst|altpll_component|auto_generated|pll1|clk[0] ; pll_inst|altpll_component|auto_generated|pll1|clk[0] ; 0.000        ; 0.061      ; 1.302      ;
; 1.065 ; tick_counter[4]                       ; tick_counter[9]                       ; pll_inst|altpll_component|auto_generated|pll1|clk[0] ; pll_inst|altpll_component|auto_generated|pll1|clk[0] ; 0.000        ; 0.061      ; 1.303      ;
; 1.068 ; morse_fsm:morse_fsm_inst|state_idx[5] ; morse_fsm:morse_fsm_inst|state_idx[5] ; pll_inst|altpll_component|auto_generated|pll1|clk[0] ; pll_inst|altpll_component|auto_generated|pll1|clk[0] ; 0.000        ; 0.061      ; 1.306      ;
; 1.068 ; tick_counter[6]                       ; tick_counter[12]                      ; pll_inst|altpll_component|auto_generated|pll1|clk[0] ; pll_inst|altpll_component|auto_generated|pll1|clk[0] ; 0.000        ; 0.061      ; 1.306      ;
; 1.086 ; morse_fsm:morse_fsm_inst|state_idx[5] ; morse_fsm:morse_fsm_inst|state_idx[2] ; pll_inst|altpll_component|auto_generated|pll1|clk[0] ; pll_inst|altpll_component|auto_generated|pll1|clk[0] ; 0.000        ; 0.061      ; 1.324      ;
; 1.157 ; tick_counter[9]                       ; tick_counter[15]                      ; pll_inst|altpll_component|auto_generated|pll1|clk[0] ; pll_inst|altpll_component|auto_generated|pll1|clk[0] ; 0.000        ; 0.063      ; 1.397      ;
; 1.157 ; tick_counter[13]                      ; tick_counter[19]                      ; pll_inst|altpll_component|auto_generated|pll1|clk[0] ; pll_inst|altpll_component|auto_generated|pll1|clk[0] ; 0.000        ; 0.062      ; 1.396      ;
; 1.158 ; tick_counter[15]                      ; tick_counter[21]                      ; pll_inst|altpll_component|auto_generated|pll1|clk[0] ; pll_inst|altpll_component|auto_generated|pll1|clk[0] ; 0.000        ; 0.062      ; 1.397      ;
; 1.159 ; tick_counter[7]                       ; tick_counter[13]                      ; pll_inst|altpll_component|auto_generated|pll1|clk[0] ; pll_inst|altpll_component|auto_generated|pll1|clk[0] ; 0.000        ; 0.063      ; 1.399      ;
; 1.159 ; tick_counter[13]                      ; tick_counter[20]                      ; pll_inst|altpll_component|auto_generated|pll1|clk[0] ; pll_inst|altpll_component|auto_generated|pll1|clk[0] ; 0.000        ; 0.062      ; 1.398      ;
; 1.159 ; tick_counter[3]                       ; tick_counter[9]                       ; pll_inst|altpll_component|auto_generated|pll1|clk[0] ; pll_inst|altpll_component|auto_generated|pll1|clk[0] ; 0.000        ; 0.061      ; 1.397      ;
; 1.162 ; tick_counter[5]                       ; tick_counter[12]                      ; pll_inst|altpll_component|auto_generated|pll1|clk[0] ; pll_inst|altpll_component|auto_generated|pll1|clk[0] ; 0.000        ; 0.061      ; 1.400      ;
; 1.171 ; tick_counter[12]                      ; tick_counter[19]                      ; pll_inst|altpll_component|auto_generated|pll1|clk[0] ; pll_inst|altpll_component|auto_generated|pll1|clk[0] ; 0.000        ; 0.063      ; 1.411      ;
; 1.172 ; morse_fsm:morse_fsm_inst|state_idx[2] ; morse_fsm:morse_fsm_inst|state_idx[3] ; pll_inst|altpll_component|auto_generated|pll1|clk[0] ; pll_inst|altpll_component|auto_generated|pll1|clk[0] ; 0.000        ; 0.065      ; 1.414      ;
; 1.173 ; tick_counter[12]                      ; tick_counter[20]                      ; pll_inst|altpll_component|auto_generated|pll1|clk[0] ; pll_inst|altpll_component|auto_generated|pll1|clk[0] ; 0.000        ; 0.063      ; 1.413      ;
; 1.174 ; morse_fsm:morse_fsm_inst|state_idx[2] ; morse_fsm:morse_fsm_inst|state_idx[4] ; pll_inst|altpll_component|auto_generated|pll1|clk[0] ; pll_inst|altpll_component|auto_generated|pll1|clk[0] ; 0.000        ; 0.065      ; 1.416      ;
; 1.175 ; tick_counter[2]                       ; tick_counter[9]                       ; pll_inst|altpll_component|auto_generated|pll1|clk[0] ; pll_inst|altpll_component|auto_generated|pll1|clk[0] ; 0.000        ; 0.061      ; 1.413      ;
; 1.176 ; tick_counter[6]                       ; tick_counter[13]                      ; pll_inst|altpll_component|auto_generated|pll1|clk[0] ; pll_inst|altpll_component|auto_generated|pll1|clk[0] ; 0.000        ; 0.063      ; 1.416      ;
; 1.179 ; tick_counter[4]                       ; tick_counter[12]                      ; pll_inst|altpll_component|auto_generated|pll1|clk[0] ; pll_inst|altpll_component|auto_generated|pll1|clk[0] ; 0.000        ; 0.061      ; 1.417      ;
; 1.222 ; tick_counter[23]                      ; tick_counter[24]                      ; pll_inst|altpll_component|auto_generated|pll1|clk[0] ; pll_inst|altpll_component|auto_generated|pll1|clk[0] ; 0.000        ; 0.062      ; 1.461      ;
; 1.224 ; tick_counter[14]                      ; tick_counter[15]                      ; pll_inst|altpll_component|auto_generated|pll1|clk[0] ; pll_inst|altpll_component|auto_generated|pll1|clk[0] ; 0.000        ; 0.060      ; 1.461      ;
; 1.230 ; tick_counter[10]                      ; tick_counter[12]                      ; pll_inst|altpll_component|auto_generated|pll1|clk[0] ; pll_inst|altpll_component|auto_generated|pll1|clk[0] ; 0.000        ; 0.058      ; 1.465      ;
; 1.237 ; morse_fsm:morse_fsm_inst|state_idx[0] ; morse_fsm:morse_fsm_inst|state_idx[5] ; pll_inst|altpll_component|auto_generated|pll1|clk[0] ; pll_inst|altpll_component|auto_generated|pll1|clk[0] ; 0.000        ; 0.058      ; 1.472      ;
; 1.244 ; tick_counter[11]                      ; tick_counter[12]                      ; pll_inst|altpll_component|auto_generated|pll1|clk[0] ; pll_inst|altpll_component|auto_generated|pll1|clk[0] ; 0.000        ; 0.058      ; 1.479      ;
; 1.254 ; tick_counter[16]                      ; tick_counter[17]                      ; pll_inst|altpll_component|auto_generated|pll1|clk[0] ; pll_inst|altpll_component|auto_generated|pll1|clk[0] ; 0.000        ; 0.060      ; 1.491      ;
+-------+---------------------------------------+---------------------------------------+------------------------------------------------------+------------------------------------------------------+--------------+------------+------------+


+-----------------------------------------------------------------------------------------------------------------------------------------------------------------------------------------------------------+
; Slow 1200mV 85C Model Minimum Pulse Width: 'pll_inst|altpll_component|auto_generated|pll1|clk[0]'                                                                                                         ;
+-------+--------------+----------------+------------------+------------------------------------------------------+------------+----------------------------------------------------------------------------+
; Slack ; Actual Width ; Required Width ; Type             ; Clock                                                ; Clock Edge ; Target                                                                     ;
+-------+--------------+----------------+------------------+------------------------------------------------------+------------+----------------------------------------------------------------------------+
; 3.318 ; 3.534        ; 0.216          ; High Pulse Width ; pll_inst|altpll_component|auto_generated|pll1|clk[0] ; Rise       ; morse_fsm:morse_fsm_inst|state_idx[0]                                      ;
; 3.318 ; 3.534        ; 0.216          ; High Pulse Width ; pll_inst|altpll_component|auto_generated|pll1|clk[0] ; Rise       ; morse_fsm:morse_fsm_inst|state_idx[1]                                      ;
; 3.318 ; 3.534        ; 0.216          ; High Pulse Width ; pll_inst|altpll_component|auto_generated|pll1|clk[0] ; Rise       ; morse_fsm:morse_fsm_inst|state_idx[2]                                      ;
; 3.318 ; 3.534        ; 0.216          ; High Pulse Width ; pll_inst|altpll_component|auto_generated|pll1|clk[0] ; Rise       ; morse_fsm:morse_fsm_inst|state_idx[3]                                      ;
; 3.318 ; 3.534        ; 0.216          ; High Pulse Width ; pll_inst|altpll_component|auto_generated|pll1|clk[0] ; Rise       ; morse_fsm:morse_fsm_inst|state_idx[4]                                      ;
; 3.318 ; 3.534        ; 0.216          ; High Pulse Width ; pll_inst|altpll_component|auto_generated|pll1|clk[0] ; Rise       ; morse_fsm:morse_fsm_inst|state_idx[5]                                      ;
; 3.318 ; 3.534        ; 0.216          ; High Pulse Width ; pll_inst|altpll_component|auto_generated|pll1|clk[0] ; Rise       ; tick                                                                       ;
; 3.318 ; 3.534        ; 0.216          ; High Pulse Width ; pll_inst|altpll_component|auto_generated|pll1|clk[0] ; Rise       ; tick_counter[0]                                                            ;
; 3.318 ; 3.534        ; 0.216          ; High Pulse Width ; pll_inst|altpll_component|auto_generated|pll1|clk[0] ; Rise       ; tick_counter[10]                                                           ;
; 3.318 ; 3.534        ; 0.216          ; High Pulse Width ; pll_inst|altpll_component|auto_generated|pll1|clk[0] ; Rise       ; tick_counter[11]                                                           ;
; 3.318 ; 3.534        ; 0.216          ; High Pulse Width ; pll_inst|altpll_component|auto_generated|pll1|clk[0] ; Rise       ; tick_counter[12]                                                           ;
; 3.318 ; 3.534        ; 0.216          ; High Pulse Width ; pll_inst|altpll_component|auto_generated|pll1|clk[0] ; Rise       ; tick_counter[14]                                                           ;
; 3.318 ; 3.534        ; 0.216          ; High Pulse Width ; pll_inst|altpll_component|auto_generated|pll1|clk[0] ; Rise       ; tick_counter[16]                                                           ;
; 3.318 ; 3.534        ; 0.216          ; High Pulse Width ; pll_inst|altpll_component|auto_generated|pll1|clk[0] ; Rise       ; tick_counter[1]                                                            ;
; 3.318 ; 3.534        ; 0.216          ; High Pulse Width ; pll_inst|altpll_component|auto_generated|pll1|clk[0] ; Rise       ; tick_counter[22]                                                           ;
; 3.318 ; 3.534        ; 0.216          ; High Pulse Width ; pll_inst|altpll_component|auto_generated|pll1|clk[0] ; Rise       ; tick_counter[2]                                                            ;
; 3.318 ; 3.534        ; 0.216          ; High Pulse Width ; pll_inst|altpll_component|auto_generated|pll1|clk[0] ; Rise       ; tick_counter[3]                                                            ;
; 3.318 ; 3.534        ; 0.216          ; High Pulse Width ; pll_inst|altpll_component|auto_generated|pll1|clk[0] ; Rise       ; tick_counter[4]                                                            ;
; 3.318 ; 3.534        ; 0.216          ; High Pulse Width ; pll_inst|altpll_component|auto_generated|pll1|clk[0] ; Rise       ; tick_counter[5]                                                            ;
; 3.318 ; 3.534        ; 0.216          ; High Pulse Width ; pll_inst|altpll_component|auto_generated|pll1|clk[0] ; Rise       ; tick_counter[6]                                                            ;
; 3.318 ; 3.534        ; 0.216          ; High Pulse Width ; pll_inst|altpll_component|auto_generated|pll1|clk[0] ; Rise       ; tick_counter[7]                                                            ;
; 3.318 ; 3.534        ; 0.216          ; High Pulse Width ; pll_inst|altpll_component|auto_generated|pll1|clk[0] ; Rise       ; tick_counter[8]                                                            ;
; 3.318 ; 3.534        ; 0.216          ; High Pulse Width ; pll_inst|altpll_component|auto_generated|pll1|clk[0] ; Rise       ; tick_counter[9]                                                            ;
; 3.320 ; 3.536        ; 0.216          ; High Pulse Width ; pll_inst|altpll_component|auto_generated|pll1|clk[0] ; Rise       ; tick_counter[13]                                                           ;
; 3.320 ; 3.536        ; 0.216          ; High Pulse Width ; pll_inst|altpll_component|auto_generated|pll1|clk[0] ; Rise       ; tick_counter[15]                                                           ;
; 3.320 ; 3.536        ; 0.216          ; High Pulse Width ; pll_inst|altpll_component|auto_generated|pll1|clk[0] ; Rise       ; tick_counter[17]                                                           ;
; 3.320 ; 3.536        ; 0.216          ; High Pulse Width ; pll_inst|altpll_component|auto_generated|pll1|clk[0] ; Rise       ; tick_counter[18]                                                           ;
; 3.320 ; 3.536        ; 0.216          ; High Pulse Width ; pll_inst|altpll_component|auto_generated|pll1|clk[0] ; Rise       ; tick_counter[19]                                                           ;
; 3.320 ; 3.536        ; 0.216          ; High Pulse Width ; pll_inst|altpll_component|auto_generated|pll1|clk[0] ; Rise       ; tick_counter[20]                                                           ;
; 3.320 ; 3.536        ; 0.216          ; High Pulse Width ; pll_inst|altpll_component|auto_generated|pll1|clk[0] ; Rise       ; tick_counter[21]                                                           ;
; 3.320 ; 3.536        ; 0.216          ; High Pulse Width ; pll_inst|altpll_component|auto_generated|pll1|clk[0] ; Rise       ; tick_counter[23]                                                           ;
; 3.320 ; 3.536        ; 0.216          ; High Pulse Width ; pll_inst|altpll_component|auto_generated|pll1|clk[0] ; Rise       ; tick_counter[24]                                                           ;
; 3.320 ; 3.536        ; 0.216          ; High Pulse Width ; pll_inst|altpll_component|auto_generated|pll1|clk[0] ; Rise       ; tick_counter[25]                                                           ;
; 3.421 ; 3.605        ; 0.184          ; Low Pulse Width  ; pll_inst|altpll_component|auto_generated|pll1|clk[0] ; Rise       ; tick_counter[13]                                                           ;
; 3.421 ; 3.605        ; 0.184          ; Low Pulse Width  ; pll_inst|altpll_component|auto_generated|pll1|clk[0] ; Rise       ; tick_counter[15]                                                           ;
; 3.421 ; 3.605        ; 0.184          ; Low Pulse Width  ; pll_inst|altpll_component|auto_generated|pll1|clk[0] ; Rise       ; tick_counter[17]                                                           ;
; 3.421 ; 3.605        ; 0.184          ; Low Pulse Width  ; pll_inst|altpll_component|auto_generated|pll1|clk[0] ; Rise       ; tick_counter[18]                                                           ;
; 3.421 ; 3.605        ; 0.184          ; Low Pulse Width  ; pll_inst|altpll_component|auto_generated|pll1|clk[0] ; Rise       ; tick_counter[19]                                                           ;
; 3.421 ; 3.605        ; 0.184          ; Low Pulse Width  ; pll_inst|altpll_component|auto_generated|pll1|clk[0] ; Rise       ; tick_counter[20]                                                           ;
; 3.421 ; 3.605        ; 0.184          ; Low Pulse Width  ; pll_inst|altpll_component|auto_generated|pll1|clk[0] ; Rise       ; tick_counter[21]                                                           ;
; 3.421 ; 3.605        ; 0.184          ; Low Pulse Width  ; pll_inst|altpll_component|auto_generated|pll1|clk[0] ; Rise       ; tick_counter[23]                                                           ;
; 3.421 ; 3.605        ; 0.184          ; Low Pulse Width  ; pll_inst|altpll_component|auto_generated|pll1|clk[0] ; Rise       ; tick_counter[24]                                                           ;
; 3.421 ; 3.605        ; 0.184          ; Low Pulse Width  ; pll_inst|altpll_component|auto_generated|pll1|clk[0] ; Rise       ; tick_counter[25]                                                           ;
; 3.422 ; 3.606        ; 0.184          ; Low Pulse Width  ; pll_inst|altpll_component|auto_generated|pll1|clk[0] ; Rise       ; morse_fsm:morse_fsm_inst|state_idx[2]                                      ;
; 3.422 ; 3.606        ; 0.184          ; Low Pulse Width  ; pll_inst|altpll_component|auto_generated|pll1|clk[0] ; Rise       ; morse_fsm:morse_fsm_inst|state_idx[5]                                      ;
; 3.422 ; 3.606        ; 0.184          ; Low Pulse Width  ; pll_inst|altpll_component|auto_generated|pll1|clk[0] ; Rise       ; tick                                                                       ;
; 3.422 ; 3.606        ; 0.184          ; Low Pulse Width  ; pll_inst|altpll_component|auto_generated|pll1|clk[0] ; Rise       ; tick_counter[0]                                                            ;
; 3.422 ; 3.606        ; 0.184          ; Low Pulse Width  ; pll_inst|altpll_component|auto_generated|pll1|clk[0] ; Rise       ; tick_counter[10]                                                           ;
; 3.422 ; 3.606        ; 0.184          ; Low Pulse Width  ; pll_inst|altpll_component|auto_generated|pll1|clk[0] ; Rise       ; tick_counter[11]                                                           ;
; 3.422 ; 3.606        ; 0.184          ; Low Pulse Width  ; pll_inst|altpll_component|auto_generated|pll1|clk[0] ; Rise       ; tick_counter[12]                                                           ;
; 3.422 ; 3.606        ; 0.184          ; Low Pulse Width  ; pll_inst|altpll_component|auto_generated|pll1|clk[0] ; Rise       ; tick_counter[14]                                                           ;
; 3.422 ; 3.606        ; 0.184          ; Low Pulse Width  ; pll_inst|altpll_component|auto_generated|pll1|clk[0] ; Rise       ; tick_counter[16]                                                           ;
; 3.422 ; 3.606        ; 0.184          ; Low Pulse Width  ; pll_inst|altpll_component|auto_generated|pll1|clk[0] ; Rise       ; tick_counter[1]                                                            ;
; 3.422 ; 3.606        ; 0.184          ; Low Pulse Width  ; pll_inst|altpll_component|auto_generated|pll1|clk[0] ; Rise       ; tick_counter[22]                                                           ;
; 3.422 ; 3.606        ; 0.184          ; Low Pulse Width  ; pll_inst|altpll_component|auto_generated|pll1|clk[0] ; Rise       ; tick_counter[2]                                                            ;
; 3.422 ; 3.606        ; 0.184          ; Low Pulse Width  ; pll_inst|altpll_component|auto_generated|pll1|clk[0] ; Rise       ; tick_counter[3]                                                            ;
; 3.422 ; 3.606        ; 0.184          ; Low Pulse Width  ; pll_inst|altpll_component|auto_generated|pll1|clk[0] ; Rise       ; tick_counter[4]                                                            ;
; 3.422 ; 3.606        ; 0.184          ; Low Pulse Width  ; pll_inst|altpll_component|auto_generated|pll1|clk[0] ; Rise       ; tick_counter[5]                                                            ;
; 3.422 ; 3.606        ; 0.184          ; Low Pulse Width  ; pll_inst|altpll_component|auto_generated|pll1|clk[0] ; Rise       ; tick_counter[6]                                                            ;
; 3.422 ; 3.606        ; 0.184          ; Low Pulse Width  ; pll_inst|altpll_component|auto_generated|pll1|clk[0] ; Rise       ; tick_counter[7]                                                            ;
; 3.422 ; 3.606        ; 0.184          ; Low Pulse Width  ; pll_inst|altpll_component|auto_generated|pll1|clk[0] ; Rise       ; tick_counter[8]                                                            ;
; 3.422 ; 3.606        ; 0.184          ; Low Pulse Width  ; pll_inst|altpll_component|auto_generated|pll1|clk[0] ; Rise       ; tick_counter[9]                                                            ;
; 3.423 ; 3.607        ; 0.184          ; Low Pulse Width  ; pll_inst|altpll_component|auto_generated|pll1|clk[0] ; Rise       ; morse_fsm:morse_fsm_inst|state_idx[0]                                      ;
; 3.423 ; 3.607        ; 0.184          ; Low Pulse Width  ; pll_inst|altpll_component|auto_generated|pll1|clk[0] ; Rise       ; morse_fsm:morse_fsm_inst|state_idx[1]                                      ;
; 3.423 ; 3.607        ; 0.184          ; Low Pulse Width  ; pll_inst|altpll_component|auto_generated|pll1|clk[0] ; Rise       ; morse_fsm:morse_fsm_inst|state_idx[3]                                      ;
; 3.423 ; 3.607        ; 0.184          ; Low Pulse Width  ; pll_inst|altpll_component|auto_generated|pll1|clk[0] ; Rise       ; morse_fsm:morse_fsm_inst|state_idx[4]                                      ;
; 3.553 ; 3.553        ; 0.000          ; High Pulse Width ; pll_inst|altpll_component|auto_generated|pll1|clk[0] ; Rise       ; pll_inst|altpll_component|auto_generated|wire_pll1_clk[0]~clkctrl|inclk[0] ;
; 3.553 ; 3.553        ; 0.000          ; High Pulse Width ; pll_inst|altpll_component|auto_generated|pll1|clk[0] ; Rise       ; pll_inst|altpll_component|auto_generated|wire_pll1_clk[0]~clkctrl|outclk   ;
; 3.557 ; 3.557        ; 0.000          ; High Pulse Width ; pll_inst|altpll_component|auto_generated|pll1|clk[0] ; Rise       ; morse_fsm_inst|state_idx[0]|clk                                            ;
; 3.557 ; 3.557        ; 0.000          ; High Pulse Width ; pll_inst|altpll_component|auto_generated|pll1|clk[0] ; Rise       ; morse_fsm_inst|state_idx[1]|clk                                            ;
; 3.557 ; 3.557        ; 0.000          ; High Pulse Width ; pll_inst|altpll_component|auto_generated|pll1|clk[0] ; Rise       ; morse_fsm_inst|state_idx[3]|clk                                            ;
; 3.557 ; 3.557        ; 0.000          ; High Pulse Width ; pll_inst|altpll_component|auto_generated|pll1|clk[0] ; Rise       ; morse_fsm_inst|state_idx[4]|clk                                            ;
; 3.558 ; 3.558        ; 0.000          ; High Pulse Width ; pll_inst|altpll_component|auto_generated|pll1|clk[0] ; Rise       ; morse_fsm_inst|state_idx[2]|clk                                            ;
; 3.558 ; 3.558        ; 0.000          ; High Pulse Width ; pll_inst|altpll_component|auto_generated|pll1|clk[0] ; Rise       ; morse_fsm_inst|state_idx[5]|clk                                            ;
; 3.558 ; 3.558        ; 0.000          ; High Pulse Width ; pll_inst|altpll_component|auto_generated|pll1|clk[0] ; Rise       ; tick_counter[0]|clk                                                        ;
; 3.558 ; 3.558        ; 0.000          ; High Pulse Width ; pll_inst|altpll_component|auto_generated|pll1|clk[0] ; Rise       ; tick_counter[10]|clk                                                       ;
; 3.558 ; 3.558        ; 0.000          ; High Pulse Width ; pll_inst|altpll_component|auto_generated|pll1|clk[0] ; Rise       ; tick_counter[11]|clk                                                       ;
; 3.558 ; 3.558        ; 0.000          ; High Pulse Width ; pll_inst|altpll_component|auto_generated|pll1|clk[0] ; Rise       ; tick_counter[12]|clk                                                       ;
; 3.558 ; 3.558        ; 0.000          ; High Pulse Width ; pll_inst|altpll_component|auto_generated|pll1|clk[0] ; Rise       ; tick_counter[14]|clk                                                       ;
; 3.558 ; 3.558        ; 0.000          ; High Pulse Width ; pll_inst|altpll_component|auto_generated|pll1|clk[0] ; Rise       ; tick_counter[16]|clk                                                       ;
; 3.558 ; 3.558        ; 0.000          ; High Pulse Width ; pll_inst|altpll_component|auto_generated|pll1|clk[0] ; Rise       ; tick_counter[1]|clk                                                        ;
; 3.558 ; 3.558        ; 0.000          ; High Pulse Width ; pll_inst|altpll_component|auto_generated|pll1|clk[0] ; Rise       ; tick_counter[22]|clk                                                       ;
; 3.558 ; 3.558        ; 0.000          ; High Pulse Width ; pll_inst|altpll_component|auto_generated|pll1|clk[0] ; Rise       ; tick_counter[2]|clk                                                        ;
; 3.558 ; 3.558        ; 0.000          ; High Pulse Width ; pll_inst|altpll_component|auto_generated|pll1|clk[0] ; Rise       ; tick_counter[3]|clk                                                        ;
; 3.558 ; 3.558        ; 0.000          ; High Pulse Width ; pll_inst|altpll_component|auto_generated|pll1|clk[0] ; Rise       ; tick_counter[4]|clk                                                        ;
; 3.558 ; 3.558        ; 0.000          ; High Pulse Width ; pll_inst|altpll_component|auto_generated|pll1|clk[0] ; Rise       ; tick_counter[5]|clk                                                        ;
; 3.558 ; 3.558        ; 0.000          ; High Pulse Width ; pll_inst|altpll_component|auto_generated|pll1|clk[0] ; Rise       ; tick_counter[6]|clk                                                        ;
; 3.558 ; 3.558        ; 0.000          ; High Pulse Width ; pll_inst|altpll_component|auto_generated|pll1|clk[0] ; Rise       ; tick_counter[7]|clk                                                        ;
; 3.558 ; 3.558        ; 0.000          ; High Pulse Width ; pll_inst|altpll_component|auto_generated|pll1|clk[0] ; Rise       ; tick_counter[8]|clk                                                        ;
; 3.558 ; 3.558        ; 0.000          ; High Pulse Width ; pll_inst|altpll_component|auto_generated|pll1|clk[0] ; Rise       ; tick_counter[9]|clk                                                        ;
; 3.558 ; 3.558        ; 0.000          ; High Pulse Width ; pll_inst|altpll_component|auto_generated|pll1|clk[0] ; Rise       ; tick|clk                                                                   ;
; 3.559 ; 3.559        ; 0.000          ; High Pulse Width ; pll_inst|altpll_component|auto_generated|pll1|clk[0] ; Rise       ; tick_counter[13]|clk                                                       ;
; 3.559 ; 3.559        ; 0.000          ; High Pulse Width ; pll_inst|altpll_component|auto_generated|pll1|clk[0] ; Rise       ; tick_counter[15]|clk                                                       ;
; 3.559 ; 3.559        ; 0.000          ; High Pulse Width ; pll_inst|altpll_component|auto_generated|pll1|clk[0] ; Rise       ; tick_counter[17]|clk                                                       ;
; 3.559 ; 3.559        ; 0.000          ; High Pulse Width ; pll_inst|altpll_component|auto_generated|pll1|clk[0] ; Rise       ; tick_counter[18]|clk                                                       ;
; 3.559 ; 3.559        ; 0.000          ; High Pulse Width ; pll_inst|altpll_component|auto_generated|pll1|clk[0] ; Rise       ; tick_counter[19]|clk                                                       ;
; 3.559 ; 3.559        ; 0.000          ; High Pulse Width ; pll_inst|altpll_component|auto_generated|pll1|clk[0] ; Rise       ; tick_counter[20]|clk                                                       ;
; 3.559 ; 3.559        ; 0.000          ; High Pulse Width ; pll_inst|altpll_component|auto_generated|pll1|clk[0] ; Rise       ; tick_counter[21]|clk                                                       ;
; 3.559 ; 3.559        ; 0.000          ; High Pulse Width ; pll_inst|altpll_component|auto_generated|pll1|clk[0] ; Rise       ; tick_counter[23]|clk                                                       ;
; 3.559 ; 3.559        ; 0.000          ; High Pulse Width ; pll_inst|altpll_component|auto_generated|pll1|clk[0] ; Rise       ; tick_counter[24]|clk                                                       ;
+-------+--------------+----------------+------------------+------------------------------------------------------+------------+----------------------------------------------------------------------------+


+----------------------------------------------------------------------------------------------------------------------------------------------------+
; Slow 1200mV 85C Model Minimum Pulse Width: 'CLOCK_50'                                                                                              ;
+--------+--------------+----------------+------------------+----------+------------+----------------------------------------------------------------+
; Slack  ; Actual Width ; Required Width ; Type             ; Clock    ; Clock Edge ; Target                                                         ;
+--------+--------------+----------------+------------------+----------+------------+----------------------------------------------------------------+
; 9.741  ; 9.741        ; 0.000          ; Low Pulse Width  ; CLOCK_50 ; Rise       ; pll_inst|altpll_component|auto_generated|pll1|clk[0]           ;
; 9.741  ; 9.741        ; 0.000          ; Low Pulse Width  ; CLOCK_50 ; Rise       ; pll_inst|altpll_component|auto_generated|pll1|observablevcoout ;
; 9.743  ; 9.743        ; 0.000          ; Low Pulse Width  ; CLOCK_50 ; Rise       ; CLOCK_50~input|o                                               ;
; 9.767  ; 9.767        ; 0.000          ; Low Pulse Width  ; CLOCK_50 ; Rise       ; pll_inst|altpll_component|auto_generated|pll1|inclk[0]         ;
; 10.000 ; 10.000       ; 0.000          ; High Pulse Width ; CLOCK_50 ; Rise       ; CLOCK_50~input|i                                               ;
; 10.000 ; 10.000       ; 0.000          ; Low Pulse Width  ; CLOCK_50 ; Rise       ; CLOCK_50~input|i                                               ;
; 10.232 ; 10.232       ; 0.000          ; High Pulse Width ; CLOCK_50 ; Rise       ; pll_inst|altpll_component|auto_generated|pll1|inclk[0]         ;
; 10.257 ; 10.257       ; 0.000          ; High Pulse Width ; CLOCK_50 ; Rise       ; CLOCK_50~input|o                                               ;
; 10.258 ; 10.258       ; 0.000          ; High Pulse Width ; CLOCK_50 ; Rise       ; pll_inst|altpll_component|auto_generated|pll1|clk[0]           ;
; 10.258 ; 10.258       ; 0.000          ; High Pulse Width ; CLOCK_50 ; Rise       ; pll_inst|altpll_component|auto_generated|pll1|observablevcoout ;
; 16.000 ; 20.000       ; 4.000          ; Port Rate        ; CLOCK_50 ; Rise       ; CLOCK_50                                                       ;
+--------+--------------+----------------+------------------+----------+------------+----------------------------------------------------------------+


+------------------------------------------------------------------------------------------------------------+
; Clock to Output Times                                                                                      ;
+-----------+------------+-------+-------+------------+------------------------------------------------------+
; Data Port ; Clock Port ; Rise  ; Fall  ; Clock Edge ; Clock Reference                                      ;
+-----------+------------+-------+-------+------------+------------------------------------------------------+
; LED[*]    ; CLOCK_50   ; 8.054 ; 8.213 ; Rise       ; pll_inst|altpll_component|auto_generated|pll1|clk[0] ;
;  LED[0]   ; CLOCK_50   ; 6.553 ; 6.447 ; Rise       ; pll_inst|altpll_component|auto_generated|pll1|clk[0] ;
;  LED[1]   ; CLOCK_50   ; 5.336 ; 5.327 ; Rise       ; pll_inst|altpll_component|auto_generated|pll1|clk[0] ;
;  LED[2]   ; CLOCK_50   ; 4.604 ; 4.587 ; Rise       ; pll_inst|altpll_component|auto_generated|pll1|clk[0] ;
;  LED[3]   ; CLOCK_50   ; 4.801 ; 4.744 ; Rise       ; pll_inst|altpll_component|auto_generated|pll1|clk[0] ;
;  LED[4]   ; CLOCK_50   ; 6.666 ; 6.822 ; Rise       ; pll_inst|altpll_component|auto_generated|pll1|clk[0] ;
;  LED[5]   ; CLOCK_50   ; 7.516 ; 7.692 ; Rise       ; pll_inst|altpll_component|auto_generated|pll1|clk[0] ;
;  LED[6]   ; CLOCK_50   ; 6.858 ; 7.019 ; Rise       ; pll_inst|altpll_component|auto_generated|pll1|clk[0] ;
;  LED[7]   ; CLOCK_50   ; 8.054 ; 8.213 ; Rise       ; pll_inst|altpll_component|auto_generated|pll1|clk[0] ;
+-----------+------------+-------+-------+------------+------------------------------------------------------+


+------------------------------------------------------------------------------------------------------------+
; Minimum Clock to Output Times                                                                              ;
+-----------+------------+-------+-------+------------+------------------------------------------------------+
; Data Port ; Clock Port ; Rise  ; Fall  ; Clock Edge ; Clock Reference                                      ;
+-----------+------------+-------+-------+------------+------------------------------------------------------+
; LED[*]    ; CLOCK_50   ; 4.057 ; 4.037 ; Rise       ; pll_inst|altpll_component|auto_generated|pll1|clk[0] ;
;  LED[0]   ; CLOCK_50   ; 4.184 ; 4.193 ; Rise       ; pll_inst|altpll_component|auto_generated|pll1|clk[0] ;
;  LED[1]   ; CLOCK_50   ; 4.756 ; 4.750 ; Rise       ; pll_inst|altpll_component|auto_generated|pll1|clk[0] ;
;  LED[2]   ; CLOCK_50   ; 4.057 ; 4.037 ; Rise       ; pll_inst|altpll_component|auto_generated|pll1|clk[0] ;
;  LED[3]   ; CLOCK_50   ; 4.243 ; 4.191 ; Rise       ; pll_inst|altpll_component|auto_generated|pll1|clk[0] ;
;  LED[4]   ; CLOCK_50   ; 6.040 ; 6.186 ; Rise       ; pll_inst|altpll_component|auto_generated|pll1|clk[0] ;
;  LED[5]   ; CLOCK_50   ; 6.918 ; 7.100 ; Rise       ; pll_inst|altpll_component|auto_generated|pll1|clk[0] ;
;  LED[6]   ; CLOCK_50   ; 6.219 ; 6.370 ; Rise       ; pll_inst|altpll_component|auto_generated|pll1|clk[0] ;
;  LED[7]   ; CLOCK_50   ; 7.434 ; 7.600 ; Rise       ; pll_inst|altpll_component|auto_generated|pll1|clk[0] ;
+-----------+------------+-------+-------+------------+------------------------------------------------------+


+----------------------------------------------------------+
; Propagation Delay                                        ;
+------------+-------------+-------+-------+-------+-------+
; Input Port ; Output Port ; RR    ; RF    ; FR    ; FF    ;
+------------+-------------+-------+-------+-------+-------+
; KEY[1]     ; LED[0]      ; 6.493 ; 6.457 ; 6.652 ; 6.574 ;
; KEY[1]     ; LED[1]      ; 6.752 ;       ;       ; 6.993 ;
; KEY[1]     ; LED[2]      ; 6.118 ;       ;       ; 6.145 ;
; KEY[1]     ; LED[3]      ; 6.217 ;       ;       ; 6.410 ;
; KEY[1]     ; LED[4]      ; 8.180 ;       ;       ; 8.380 ;
; KEY[1]     ; LED[5]      ; 8.932 ;       ;       ; 9.358 ;
; KEY[1]     ; LED[6]      ; 8.372 ;       ;       ; 8.577 ;
; KEY[1]     ; LED[7]      ; 9.470 ;       ;       ; 9.879 ;
+------------+-------------+-------+-------+-------+-------+


+----------------------------------------------------------+
; Minimum Propagation Delay                                ;
+------------+-------------+-------+-------+-------+-------+
; Input Port ; Output Port ; RR    ; RF    ; FR    ; FF    ;
+------------+-------------+-------+-------+-------+-------+
; KEY[1]     ; LED[0]      ; 6.247 ; 6.246 ; 6.447 ; 6.304 ;
; KEY[1]     ; LED[1]      ; 6.529 ;       ;       ; 6.774 ;
; KEY[1]     ; LED[2]      ; 5.924 ;       ;       ; 5.956 ;
; KEY[1]     ; LED[3]      ; 6.016 ;       ;       ; 6.215 ;
; KEY[1]     ; LED[4]      ; 7.907 ;       ;       ; 8.105 ;
; KEY[1]     ; LED[5]      ; 8.691 ;       ;       ; 9.124 ;
; KEY[1]     ; LED[6]      ; 8.086 ;       ;       ; 8.289 ;
; KEY[1]     ; LED[7]      ; 9.207 ;       ;       ; 9.624 ;
+------------+-------------+-------+-------+-------+-------+


----------------------------------------------
; Slow 1200mV 85C Model Metastability Report ;
----------------------------------------------
No synchronizer chains to report.


+-------------------------------------------------------------------------------------------+
; Slow 1200mV 0C Model Fmax Summary                                                         ;
+-----------+-----------------+------------------------------------------------------+------+
; Fmax      ; Restricted Fmax ; Clock Name                                           ; Note ;
+-----------+-----------------+------------------------------------------------------+------+
; 271.3 MHz ; 271.3 MHz       ; pll_inst|altpll_component|auto_generated|pll1|clk[0] ;      ;
+-----------+-----------------+------------------------------------------------------+------+
This panel reports FMAX for every clock in the design, regardless of the user-specified clock periods.  FMAX is only computed for paths where the source and destination registers or ports are driven by the same clock.  Paths of different clocks, including generated clocks, are ignored.  For paths between a clock and its inversion, FMAX is computed as if the rising and falling edges are scaled along with FMAX, such that the duty cycle (in terms of a percentage) is maintained. Altera recommends that you always use clock constraints and other slack reports for sign-off analysis.


+------------------------------------------------------------------------------+
; Slow 1200mV 0C Model Setup Summary                                           ;
+------------------------------------------------------+-------+---------------+
; Clock                                                ; Slack ; End Point TNS ;
+------------------------------------------------------+-------+---------------+
; pll_inst|altpll_component|auto_generated|pll1|clk[0] ; 3.456 ; 0.000         ;
+------------------------------------------------------+-------+---------------+


+------------------------------------------------------------------------------+
; Slow 1200mV 0C Model Hold Summary                                            ;
+------------------------------------------------------+-------+---------------+
; Clock                                                ; Slack ; End Point TNS ;
+------------------------------------------------------+-------+---------------+
; pll_inst|altpll_component|auto_generated|pll1|clk[0] ; 0.292 ; 0.000         ;
+------------------------------------------------------+-------+---------------+


-----------------------------------------
; Slow 1200mV 0C Model Recovery Summary ;
-----------------------------------------
No paths to report.


----------------------------------------
; Slow 1200mV 0C Model Removal Summary ;
----------------------------------------
No paths to report.


+------------------------------------------------------------------------------+
; Slow 1200mV 0C Model Minimum Pulse Width Summary                             ;
+------------------------------------------------------+-------+---------------+
; Clock                                                ; Slack ; End Point TNS ;
+------------------------------------------------------+-------+---------------+
; pll_inst|altpll_component|auto_generated|pll1|clk[0] ; 3.314 ; 0.000         ;
; CLOCK_50                                             ; 9.699 ; 0.000         ;
+------------------------------------------------------+-------+---------------+


+----------------------------------------------------------------------------------------------------------------------------------------------------------------------------------------------------+
; Slow 1200mV 0C Model Setup: 'pll_inst|altpll_component|auto_generated|pll1|clk[0]'                                                                                                                 ;
+-------+------------------+------------------+------------------------------------------------------+------------------------------------------------------+--------------+------------+------------+
; Slack ; From Node        ; To Node          ; Launch Clock                                         ; Latch Clock                                          ; Relationship ; Clock Skew ; Data Delay ;
+-------+------------------+------------------+------------------------------------------------------+------------------------------------------------------+--------------+------------+------------+
; 3.456 ; tick_counter[18] ; tick_counter[10] ; pll_inst|altpll_component|auto_generated|pll1|clk[0] ; pll_inst|altpll_component|auto_generated|pll1|clk[0] ; 7.142        ; -0.053     ; 3.628      ;
; 3.458 ; tick_counter[18] ; tick_counter[14] ; pll_inst|altpll_component|auto_generated|pll1|clk[0] ; pll_inst|altpll_component|auto_generated|pll1|clk[0] ; 7.142        ; -0.053     ; 3.626      ;
; 3.458 ; tick_counter[18] ; tick_counter[11] ; pll_inst|altpll_component|auto_generated|pll1|clk[0] ; pll_inst|altpll_component|auto_generated|pll1|clk[0] ; 7.142        ; -0.053     ; 3.626      ;
; 3.486 ; tick_counter[18] ; tick_counter[8]  ; pll_inst|altpll_component|auto_generated|pll1|clk[0] ; pll_inst|altpll_component|auto_generated|pll1|clk[0] ; 7.142        ; -0.053     ; 3.598      ;
; 3.554 ; tick_counter[12] ; tick_counter[11] ; pll_inst|altpll_component|auto_generated|pll1|clk[0] ; pll_inst|altpll_component|auto_generated|pll1|clk[0] ; 7.142        ; -0.052     ; 3.531      ;
; 3.555 ; tick_counter[12] ; tick_counter[14] ; pll_inst|altpll_component|auto_generated|pll1|clk[0] ; pll_inst|altpll_component|auto_generated|pll1|clk[0] ; 7.142        ; -0.052     ; 3.530      ;
; 3.556 ; tick_counter[12] ; tick_counter[10] ; pll_inst|altpll_component|auto_generated|pll1|clk[0] ; pll_inst|altpll_component|auto_generated|pll1|clk[0] ; 7.142        ; -0.052     ; 3.529      ;
; 3.593 ; tick_counter[12] ; tick_counter[8]  ; pll_inst|altpll_component|auto_generated|pll1|clk[0] ; pll_inst|altpll_component|auto_generated|pll1|clk[0] ; 7.142        ; -0.052     ; 3.492      ;
; 3.595 ; tick_counter[17] ; tick_counter[10] ; pll_inst|altpll_component|auto_generated|pll1|clk[0] ; pll_inst|altpll_component|auto_generated|pll1|clk[0] ; 7.142        ; -0.053     ; 3.489      ;
; 3.597 ; tick_counter[17] ; tick_counter[14] ; pll_inst|altpll_component|auto_generated|pll1|clk[0] ; pll_inst|altpll_component|auto_generated|pll1|clk[0] ; 7.142        ; -0.053     ; 3.487      ;
; 3.597 ; tick_counter[17] ; tick_counter[11] ; pll_inst|altpll_component|auto_generated|pll1|clk[0] ; pll_inst|altpll_component|auto_generated|pll1|clk[0] ; 7.142        ; -0.053     ; 3.487      ;
; 3.610 ; tick_counter[18] ; tick_counter[16] ; pll_inst|altpll_component|auto_generated|pll1|clk[0] ; pll_inst|altpll_component|auto_generated|pll1|clk[0] ; 7.142        ; -0.053     ; 3.474      ;
; 3.612 ; tick_counter[18] ; tick_counter[22] ; pll_inst|altpll_component|auto_generated|pll1|clk[0] ; pll_inst|altpll_component|auto_generated|pll1|clk[0] ; 7.142        ; -0.053     ; 3.472      ;
; 3.612 ; tick_counter[21] ; tick_counter[10] ; pll_inst|altpll_component|auto_generated|pll1|clk[0] ; pll_inst|altpll_component|auto_generated|pll1|clk[0] ; 7.142        ; -0.053     ; 3.472      ;
; 3.614 ; tick_counter[21] ; tick_counter[14] ; pll_inst|altpll_component|auto_generated|pll1|clk[0] ; pll_inst|altpll_component|auto_generated|pll1|clk[0] ; 7.142        ; -0.053     ; 3.470      ;
; 3.614 ; tick_counter[21] ; tick_counter[11] ; pll_inst|altpll_component|auto_generated|pll1|clk[0] ; pll_inst|altpll_component|auto_generated|pll1|clk[0] ; 7.142        ; -0.053     ; 3.470      ;
; 3.625 ; tick_counter[17] ; tick_counter[8]  ; pll_inst|altpll_component|auto_generated|pll1|clk[0] ; pll_inst|altpll_component|auto_generated|pll1|clk[0] ; 7.142        ; -0.053     ; 3.459      ;
; 3.642 ; tick_counter[21] ; tick_counter[8]  ; pll_inst|altpll_component|auto_generated|pll1|clk[0] ; pll_inst|altpll_component|auto_generated|pll1|clk[0] ; 7.142        ; -0.053     ; 3.442      ;
; 3.662 ; tick_counter[20] ; tick_counter[10] ; pll_inst|altpll_component|auto_generated|pll1|clk[0] ; pll_inst|altpll_component|auto_generated|pll1|clk[0] ; 7.142        ; -0.053     ; 3.422      ;
; 3.664 ; tick_counter[20] ; tick_counter[14] ; pll_inst|altpll_component|auto_generated|pll1|clk[0] ; pll_inst|altpll_component|auto_generated|pll1|clk[0] ; 7.142        ; -0.053     ; 3.420      ;
; 3.664 ; tick_counter[20] ; tick_counter[11] ; pll_inst|altpll_component|auto_generated|pll1|clk[0] ; pll_inst|altpll_component|auto_generated|pll1|clk[0] ; 7.142        ; -0.053     ; 3.420      ;
; 3.682 ; tick_counter[15] ; tick_counter[10] ; pll_inst|altpll_component|auto_generated|pll1|clk[0] ; pll_inst|altpll_component|auto_generated|pll1|clk[0] ; 7.142        ; -0.053     ; 3.402      ;
; 3.684 ; tick_counter[15] ; tick_counter[14] ; pll_inst|altpll_component|auto_generated|pll1|clk[0] ; pll_inst|altpll_component|auto_generated|pll1|clk[0] ; 7.142        ; -0.053     ; 3.400      ;
; 3.684 ; tick_counter[15] ; tick_counter[11] ; pll_inst|altpll_component|auto_generated|pll1|clk[0] ; pll_inst|altpll_component|auto_generated|pll1|clk[0] ; 7.142        ; -0.053     ; 3.400      ;
; 3.690 ; tick_counter[19] ; tick_counter[10] ; pll_inst|altpll_component|auto_generated|pll1|clk[0] ; pll_inst|altpll_component|auto_generated|pll1|clk[0] ; 7.142        ; -0.053     ; 3.394      ;
; 3.692 ; tick_counter[19] ; tick_counter[14] ; pll_inst|altpll_component|auto_generated|pll1|clk[0] ; pll_inst|altpll_component|auto_generated|pll1|clk[0] ; 7.142        ; -0.053     ; 3.392      ;
; 3.692 ; tick_counter[19] ; tick_counter[11] ; pll_inst|altpll_component|auto_generated|pll1|clk[0] ; pll_inst|altpll_component|auto_generated|pll1|clk[0] ; 7.142        ; -0.053     ; 3.392      ;
; 3.692 ; tick_counter[20] ; tick_counter[8]  ; pll_inst|altpll_component|auto_generated|pll1|clk[0] ; pll_inst|altpll_component|auto_generated|pll1|clk[0] ; 7.142        ; -0.053     ; 3.392      ;
; 3.704 ; tick_counter[13] ; tick_counter[11] ; pll_inst|altpll_component|auto_generated|pll1|clk[0] ; pll_inst|altpll_component|auto_generated|pll1|clk[0] ; 7.142        ; -0.053     ; 3.380      ;
; 3.705 ; tick_counter[13] ; tick_counter[14] ; pll_inst|altpll_component|auto_generated|pll1|clk[0] ; pll_inst|altpll_component|auto_generated|pll1|clk[0] ; 7.142        ; -0.053     ; 3.379      ;
; 3.706 ; tick_counter[13] ; tick_counter[10] ; pll_inst|altpll_component|auto_generated|pll1|clk[0] ; pll_inst|altpll_component|auto_generated|pll1|clk[0] ; 7.142        ; -0.053     ; 3.378      ;
; 3.709 ; tick_counter[12] ; tick_counter[16] ; pll_inst|altpll_component|auto_generated|pll1|clk[0] ; pll_inst|altpll_component|auto_generated|pll1|clk[0] ; 7.142        ; -0.052     ; 3.376      ;
; 3.709 ; tick_counter[12] ; tick_counter[22] ; pll_inst|altpll_component|auto_generated|pll1|clk[0] ; pll_inst|altpll_component|auto_generated|pll1|clk[0] ; 7.142        ; -0.052     ; 3.376      ;
; 3.712 ; tick_counter[15] ; tick_counter[8]  ; pll_inst|altpll_component|auto_generated|pll1|clk[0] ; pll_inst|altpll_component|auto_generated|pll1|clk[0] ; 7.142        ; -0.053     ; 3.372      ;
; 3.720 ; tick_counter[19] ; tick_counter[8]  ; pll_inst|altpll_component|auto_generated|pll1|clk[0] ; pll_inst|altpll_component|auto_generated|pll1|clk[0] ; 7.142        ; -0.053     ; 3.364      ;
; 3.721 ; tick_counter[18] ; tick_counter[23] ; pll_inst|altpll_component|auto_generated|pll1|clk[0] ; pll_inst|altpll_component|auto_generated|pll1|clk[0] ; 7.142        ; -0.055     ; 3.361      ;
; 3.721 ; tick_counter[18] ; tick_counter[24] ; pll_inst|altpll_component|auto_generated|pll1|clk[0] ; pll_inst|altpll_component|auto_generated|pll1|clk[0] ; 7.142        ; -0.055     ; 3.361      ;
; 3.722 ; tick_counter[18] ; tick_counter[25] ; pll_inst|altpll_component|auto_generated|pll1|clk[0] ; pll_inst|altpll_component|auto_generated|pll1|clk[0] ; 7.142        ; -0.055     ; 3.360      ;
; 3.724 ; tick_counter[7]  ; tick_counter[10] ; pll_inst|altpll_component|auto_generated|pll1|clk[0] ; pll_inst|altpll_component|auto_generated|pll1|clk[0] ; 7.142        ; -0.052     ; 3.361      ;
; 3.726 ; tick_counter[7]  ; tick_counter[14] ; pll_inst|altpll_component|auto_generated|pll1|clk[0] ; pll_inst|altpll_component|auto_generated|pll1|clk[0] ; 7.142        ; -0.052     ; 3.359      ;
; 3.726 ; tick_counter[7]  ; tick_counter[11] ; pll_inst|altpll_component|auto_generated|pll1|clk[0] ; pll_inst|altpll_component|auto_generated|pll1|clk[0] ; 7.142        ; -0.052     ; 3.359      ;
; 3.736 ; tick_counter[13] ; tick_counter[8]  ; pll_inst|altpll_component|auto_generated|pll1|clk[0] ; pll_inst|altpll_component|auto_generated|pll1|clk[0] ; 7.142        ; -0.053     ; 3.348      ;
; 3.749 ; tick_counter[17] ; tick_counter[16] ; pll_inst|altpll_component|auto_generated|pll1|clk[0] ; pll_inst|altpll_component|auto_generated|pll1|clk[0] ; 7.142        ; -0.053     ; 3.335      ;
; 3.751 ; tick_counter[17] ; tick_counter[22] ; pll_inst|altpll_component|auto_generated|pll1|clk[0] ; pll_inst|altpll_component|auto_generated|pll1|clk[0] ; 7.142        ; -0.053     ; 3.333      ;
; 3.753 ; tick_counter[25] ; tick_counter[10] ; pll_inst|altpll_component|auto_generated|pll1|clk[0] ; pll_inst|altpll_component|auto_generated|pll1|clk[0] ; 7.142        ; -0.053     ; 3.331      ;
; 3.754 ; tick_counter[7]  ; tick_counter[8]  ; pll_inst|altpll_component|auto_generated|pll1|clk[0] ; pll_inst|altpll_component|auto_generated|pll1|clk[0] ; 7.142        ; -0.052     ; 3.331      ;
; 3.755 ; tick_counter[25] ; tick_counter[14] ; pll_inst|altpll_component|auto_generated|pll1|clk[0] ; pll_inst|altpll_component|auto_generated|pll1|clk[0] ; 7.142        ; -0.053     ; 3.329      ;
; 3.755 ; tick_counter[25] ; tick_counter[11] ; pll_inst|altpll_component|auto_generated|pll1|clk[0] ; pll_inst|altpll_component|auto_generated|pll1|clk[0] ; 7.142        ; -0.053     ; 3.329      ;
; 3.766 ; tick_counter[21] ; tick_counter[16] ; pll_inst|altpll_component|auto_generated|pll1|clk[0] ; pll_inst|altpll_component|auto_generated|pll1|clk[0] ; 7.142        ; -0.053     ; 3.318      ;
; 3.768 ; tick_counter[21] ; tick_counter[22] ; pll_inst|altpll_component|auto_generated|pll1|clk[0] ; pll_inst|altpll_component|auto_generated|pll1|clk[0] ; 7.142        ; -0.053     ; 3.316      ;
; 3.768 ; tick_counter[6]  ; tick_counter[10] ; pll_inst|altpll_component|auto_generated|pll1|clk[0] ; pll_inst|altpll_component|auto_generated|pll1|clk[0] ; 7.142        ; -0.052     ; 3.317      ;
; 3.770 ; tick_counter[6]  ; tick_counter[14] ; pll_inst|altpll_component|auto_generated|pll1|clk[0] ; pll_inst|altpll_component|auto_generated|pll1|clk[0] ; 7.142        ; -0.052     ; 3.315      ;
; 3.770 ; tick_counter[6]  ; tick_counter[11] ; pll_inst|altpll_component|auto_generated|pll1|clk[0] ; pll_inst|altpll_component|auto_generated|pll1|clk[0] ; 7.142        ; -0.052     ; 3.315      ;
; 3.783 ; tick_counter[25] ; tick_counter[8]  ; pll_inst|altpll_component|auto_generated|pll1|clk[0] ; pll_inst|altpll_component|auto_generated|pll1|clk[0] ; 7.142        ; -0.053     ; 3.301      ;
; 3.798 ; tick_counter[6]  ; tick_counter[8]  ; pll_inst|altpll_component|auto_generated|pll1|clk[0] ; pll_inst|altpll_component|auto_generated|pll1|clk[0] ; 7.142        ; -0.052     ; 3.287      ;
; 3.803 ; tick_counter[12] ; tick_counter[23] ; pll_inst|altpll_component|auto_generated|pll1|clk[0] ; pll_inst|altpll_component|auto_generated|pll1|clk[0] ; 7.142        ; -0.054     ; 3.280      ;
; 3.803 ; tick_counter[12] ; tick_counter[24] ; pll_inst|altpll_component|auto_generated|pll1|clk[0] ; pll_inst|altpll_component|auto_generated|pll1|clk[0] ; 7.142        ; -0.054     ; 3.280      ;
; 3.804 ; tick_counter[12] ; tick_counter[25] ; pll_inst|altpll_component|auto_generated|pll1|clk[0] ; pll_inst|altpll_component|auto_generated|pll1|clk[0] ; 7.142        ; -0.054     ; 3.279      ;
; 3.816 ; tick_counter[20] ; tick_counter[16] ; pll_inst|altpll_component|auto_generated|pll1|clk[0] ; pll_inst|altpll_component|auto_generated|pll1|clk[0] ; 7.142        ; -0.053     ; 3.268      ;
; 3.818 ; tick_counter[20] ; tick_counter[22] ; pll_inst|altpll_component|auto_generated|pll1|clk[0] ; pll_inst|altpll_component|auto_generated|pll1|clk[0] ; 7.142        ; -0.053     ; 3.266      ;
; 3.836 ; tick_counter[15] ; tick_counter[16] ; pll_inst|altpll_component|auto_generated|pll1|clk[0] ; pll_inst|altpll_component|auto_generated|pll1|clk[0] ; 7.142        ; -0.053     ; 3.248      ;
; 3.837 ; tick_counter[1]  ; tick_counter[22] ; pll_inst|altpll_component|auto_generated|pll1|clk[0] ; pll_inst|altpll_component|auto_generated|pll1|clk[0] ; 7.142        ; -0.052     ; 3.248      ;
; 3.838 ; tick_counter[15] ; tick_counter[22] ; pll_inst|altpll_component|auto_generated|pll1|clk[0] ; pll_inst|altpll_component|auto_generated|pll1|clk[0] ; 7.142        ; -0.053     ; 3.246      ;
; 3.844 ; tick_counter[19] ; tick_counter[16] ; pll_inst|altpll_component|auto_generated|pll1|clk[0] ; pll_inst|altpll_component|auto_generated|pll1|clk[0] ; 7.142        ; -0.053     ; 3.240      ;
; 3.846 ; tick_counter[19] ; tick_counter[22] ; pll_inst|altpll_component|auto_generated|pll1|clk[0] ; pll_inst|altpll_component|auto_generated|pll1|clk[0] ; 7.142        ; -0.053     ; 3.238      ;
; 3.859 ; tick_counter[13] ; tick_counter[16] ; pll_inst|altpll_component|auto_generated|pll1|clk[0] ; pll_inst|altpll_component|auto_generated|pll1|clk[0] ; 7.142        ; -0.053     ; 3.225      ;
; 3.859 ; tick_counter[13] ; tick_counter[22] ; pll_inst|altpll_component|auto_generated|pll1|clk[0] ; pll_inst|altpll_component|auto_generated|pll1|clk[0] ; 7.142        ; -0.053     ; 3.225      ;
; 3.860 ; tick_counter[17] ; tick_counter[23] ; pll_inst|altpll_component|auto_generated|pll1|clk[0] ; pll_inst|altpll_component|auto_generated|pll1|clk[0] ; 7.142        ; -0.055     ; 3.222      ;
; 3.860 ; tick_counter[17] ; tick_counter[24] ; pll_inst|altpll_component|auto_generated|pll1|clk[0] ; pll_inst|altpll_component|auto_generated|pll1|clk[0] ; 7.142        ; -0.055     ; 3.222      ;
; 3.861 ; tick_counter[17] ; tick_counter[25] ; pll_inst|altpll_component|auto_generated|pll1|clk[0] ; pll_inst|altpll_component|auto_generated|pll1|clk[0] ; 7.142        ; -0.055     ; 3.221      ;
; 3.877 ; tick_counter[21] ; tick_counter[23] ; pll_inst|altpll_component|auto_generated|pll1|clk[0] ; pll_inst|altpll_component|auto_generated|pll1|clk[0] ; 7.142        ; -0.055     ; 3.205      ;
; 3.877 ; tick_counter[21] ; tick_counter[24] ; pll_inst|altpll_component|auto_generated|pll1|clk[0] ; pll_inst|altpll_component|auto_generated|pll1|clk[0] ; 7.142        ; -0.055     ; 3.205      ;
; 3.878 ; tick_counter[7]  ; tick_counter[16] ; pll_inst|altpll_component|auto_generated|pll1|clk[0] ; pll_inst|altpll_component|auto_generated|pll1|clk[0] ; 7.142        ; -0.052     ; 3.207      ;
; 3.878 ; tick_counter[21] ; tick_counter[25] ; pll_inst|altpll_component|auto_generated|pll1|clk[0] ; pll_inst|altpll_component|auto_generated|pll1|clk[0] ; 7.142        ; -0.055     ; 3.204      ;
; 3.880 ; tick_counter[7]  ; tick_counter[22] ; pll_inst|altpll_component|auto_generated|pll1|clk[0] ; pll_inst|altpll_component|auto_generated|pll1|clk[0] ; 7.142        ; -0.052     ; 3.205      ;
; 3.904 ; tick_counter[0]  ; tick_counter[22] ; pll_inst|altpll_component|auto_generated|pll1|clk[0] ; pll_inst|altpll_component|auto_generated|pll1|clk[0] ; 7.142        ; -0.052     ; 3.181      ;
; 3.907 ; tick_counter[25] ; tick_counter[16] ; pll_inst|altpll_component|auto_generated|pll1|clk[0] ; pll_inst|altpll_component|auto_generated|pll1|clk[0] ; 7.142        ; -0.053     ; 3.177      ;
; 3.909 ; tick_counter[25] ; tick_counter[22] ; pll_inst|altpll_component|auto_generated|pll1|clk[0] ; pll_inst|altpll_component|auto_generated|pll1|clk[0] ; 7.142        ; -0.053     ; 3.175      ;
; 3.922 ; tick_counter[6]  ; tick_counter[16] ; pll_inst|altpll_component|auto_generated|pll1|clk[0] ; pll_inst|altpll_component|auto_generated|pll1|clk[0] ; 7.142        ; -0.052     ; 3.163      ;
; 3.924 ; tick_counter[6]  ; tick_counter[22] ; pll_inst|altpll_component|auto_generated|pll1|clk[0] ; pll_inst|altpll_component|auto_generated|pll1|clk[0] ; 7.142        ; -0.052     ; 3.161      ;
; 3.926 ; tick_counter[8]  ; tick_counter[22] ; pll_inst|altpll_component|auto_generated|pll1|clk[0] ; pll_inst|altpll_component|auto_generated|pll1|clk[0] ; 7.142        ; -0.055     ; 3.156      ;
; 3.927 ; tick_counter[20] ; tick_counter[23] ; pll_inst|altpll_component|auto_generated|pll1|clk[0] ; pll_inst|altpll_component|auto_generated|pll1|clk[0] ; 7.142        ; -0.055     ; 3.155      ;
; 3.927 ; tick_counter[20] ; tick_counter[24] ; pll_inst|altpll_component|auto_generated|pll1|clk[0] ; pll_inst|altpll_component|auto_generated|pll1|clk[0] ; 7.142        ; -0.055     ; 3.155      ;
; 3.928 ; tick_counter[20] ; tick_counter[25] ; pll_inst|altpll_component|auto_generated|pll1|clk[0] ; pll_inst|altpll_component|auto_generated|pll1|clk[0] ; 7.142        ; -0.055     ; 3.154      ;
; 3.939 ; tick_counter[3]  ; tick_counter[22] ; pll_inst|altpll_component|auto_generated|pll1|clk[0] ; pll_inst|altpll_component|auto_generated|pll1|clk[0] ; 7.142        ; -0.052     ; 3.146      ;
; 3.947 ; tick_counter[15] ; tick_counter[23] ; pll_inst|altpll_component|auto_generated|pll1|clk[0] ; pll_inst|altpll_component|auto_generated|pll1|clk[0] ; 7.142        ; -0.055     ; 3.135      ;
; 3.947 ; tick_counter[15] ; tick_counter[24] ; pll_inst|altpll_component|auto_generated|pll1|clk[0] ; pll_inst|altpll_component|auto_generated|pll1|clk[0] ; 7.142        ; -0.055     ; 3.135      ;
; 3.948 ; tick_counter[15] ; tick_counter[25] ; pll_inst|altpll_component|auto_generated|pll1|clk[0] ; pll_inst|altpll_component|auto_generated|pll1|clk[0] ; 7.142        ; -0.055     ; 3.134      ;
; 3.953 ; tick_counter[13] ; tick_counter[23] ; pll_inst|altpll_component|auto_generated|pll1|clk[0] ; pll_inst|altpll_component|auto_generated|pll1|clk[0] ; 7.142        ; -0.055     ; 3.129      ;
; 3.953 ; tick_counter[13] ; tick_counter[24] ; pll_inst|altpll_component|auto_generated|pll1|clk[0] ; pll_inst|altpll_component|auto_generated|pll1|clk[0] ; 7.142        ; -0.055     ; 3.129      ;
; 3.954 ; tick_counter[13] ; tick_counter[25] ; pll_inst|altpll_component|auto_generated|pll1|clk[0] ; pll_inst|altpll_component|auto_generated|pll1|clk[0] ; 7.142        ; -0.055     ; 3.128      ;
; 3.955 ; tick_counter[19] ; tick_counter[23] ; pll_inst|altpll_component|auto_generated|pll1|clk[0] ; pll_inst|altpll_component|auto_generated|pll1|clk[0] ; 7.142        ; -0.055     ; 3.127      ;
; 3.955 ; tick_counter[19] ; tick_counter[24] ; pll_inst|altpll_component|auto_generated|pll1|clk[0] ; pll_inst|altpll_component|auto_generated|pll1|clk[0] ; 7.142        ; -0.055     ; 3.127      ;
; 3.956 ; tick_counter[19] ; tick_counter[25] ; pll_inst|altpll_component|auto_generated|pll1|clk[0] ; pll_inst|altpll_component|auto_generated|pll1|clk[0] ; 7.142        ; -0.055     ; 3.126      ;
; 3.960 ; tick_counter[11] ; tick_counter[22] ; pll_inst|altpll_component|auto_generated|pll1|clk[0] ; pll_inst|altpll_component|auto_generated|pll1|clk[0] ; 7.142        ; -0.055     ; 3.122      ;
; 3.973 ; tick_counter[1]  ; tick_counter[16] ; pll_inst|altpll_component|auto_generated|pll1|clk[0] ; pll_inst|altpll_component|auto_generated|pll1|clk[0] ; 7.142        ; -0.052     ; 3.112      ;
; 3.982 ; tick_counter[7]  ; tick_counter[23] ; pll_inst|altpll_component|auto_generated|pll1|clk[0] ; pll_inst|altpll_component|auto_generated|pll1|clk[0] ; 7.142        ; -0.054     ; 3.101      ;
; 3.982 ; tick_counter[7]  ; tick_counter[24] ; pll_inst|altpll_component|auto_generated|pll1|clk[0] ; pll_inst|altpll_component|auto_generated|pll1|clk[0] ; 7.142        ; -0.054     ; 3.101      ;
; 3.983 ; tick_counter[7]  ; tick_counter[25] ; pll_inst|altpll_component|auto_generated|pll1|clk[0] ; pll_inst|altpll_component|auto_generated|pll1|clk[0] ; 7.142        ; -0.054     ; 3.100      ;
; 3.987 ; tick_counter[10] ; tick_counter[10] ; pll_inst|altpll_component|auto_generated|pll1|clk[0] ; pll_inst|altpll_component|auto_generated|pll1|clk[0] ; 7.142        ; -0.055     ; 3.095      ;
+-------+------------------+------------------+------------------------------------------------------+------------------------------------------------------+--------------+------------+------------+


+----------------------------------------------------------------------------------------------------------------------------------------------------------------------------------------------------------------------------------------------+
; Slow 1200mV 0C Model Hold: 'pll_inst|altpll_component|auto_generated|pll1|clk[0]'                                                                                                                                                            ;
+-------+---------------------------------------+---------------------------------------+------------------------------------------------------+------------------------------------------------------+--------------+------------+------------+
; Slack ; From Node                             ; To Node                               ; Launch Clock                                         ; Latch Clock                                          ; Relationship ; Clock Skew ; Data Delay ;
+-------+---------------------------------------+---------------------------------------+------------------------------------------------------+------------------------------------------------------+--------------+------------+------------+
; 0.292 ; morse_fsm:morse_fsm_inst|state_idx[2] ; morse_fsm:morse_fsm_inst|state_idx[2] ; pll_inst|altpll_component|auto_generated|pll1|clk[0] ; pll_inst|altpll_component|auto_generated|pll1|clk[0] ; 0.000        ; 0.055      ; 0.511      ;
; 0.491 ; tick_counter[19]                      ; tick_counter[19]                      ; pll_inst|altpll_component|auto_generated|pll1|clk[0] ; pll_inst|altpll_component|auto_generated|pll1|clk[0] ; 0.000        ; 0.055      ; 0.710      ;
; 0.491 ; tick_counter[12]                      ; tick_counter[12]                      ; pll_inst|altpll_component|auto_generated|pll1|clk[0] ; pll_inst|altpll_component|auto_generated|pll1|clk[0] ; 0.000        ; 0.054      ; 0.709      ;
; 0.491 ; tick_counter[13]                      ; tick_counter[13]                      ; pll_inst|altpll_component|auto_generated|pll1|clk[0] ; pll_inst|altpll_component|auto_generated|pll1|clk[0] ; 0.000        ; 0.055      ; 0.710      ;
; 0.491 ; morse_fsm:morse_fsm_inst|state_idx[1] ; morse_fsm:morse_fsm_inst|state_idx[1] ; pll_inst|altpll_component|auto_generated|pll1|clk[0] ; pll_inst|altpll_component|auto_generated|pll1|clk[0] ; 0.000        ; 0.055      ; 0.710      ;
; 0.492 ; tick_counter[3]                       ; tick_counter[3]                       ; pll_inst|altpll_component|auto_generated|pll1|clk[0] ; pll_inst|altpll_component|auto_generated|pll1|clk[0] ; 0.000        ; 0.054      ; 0.710      ;
; 0.492 ; tick_counter[15]                      ; tick_counter[15]                      ; pll_inst|altpll_component|auto_generated|pll1|clk[0] ; pll_inst|altpll_component|auto_generated|pll1|clk[0] ; 0.000        ; 0.055      ; 0.711      ;
; 0.492 ; tick_counter[18]                      ; tick_counter[18]                      ; pll_inst|altpll_component|auto_generated|pll1|clk[0] ; pll_inst|altpll_component|auto_generated|pll1|clk[0] ; 0.000        ; 0.055      ; 0.711      ;
; 0.493 ; tick_counter[2]                       ; tick_counter[2]                       ; pll_inst|altpll_component|auto_generated|pll1|clk[0] ; pll_inst|altpll_component|auto_generated|pll1|clk[0] ; 0.000        ; 0.054      ; 0.711      ;
; 0.494 ; tick_counter[9]                       ; tick_counter[9]                       ; pll_inst|altpll_component|auto_generated|pll1|clk[0] ; pll_inst|altpll_component|auto_generated|pll1|clk[0] ; 0.000        ; 0.054      ; 0.712      ;
; 0.494 ; tick_counter[1]                       ; tick_counter[1]                       ; pll_inst|altpll_component|auto_generated|pll1|clk[0] ; pll_inst|altpll_component|auto_generated|pll1|clk[0] ; 0.000        ; 0.054      ; 0.712      ;
; 0.494 ; tick_counter[17]                      ; tick_counter[17]                      ; pll_inst|altpll_component|auto_generated|pll1|clk[0] ; pll_inst|altpll_component|auto_generated|pll1|clk[0] ; 0.000        ; 0.055      ; 0.713      ;
; 0.494 ; tick_counter[21]                      ; tick_counter[21]                      ; pll_inst|altpll_component|auto_generated|pll1|clk[0] ; pll_inst|altpll_component|auto_generated|pll1|clk[0] ; 0.000        ; 0.055      ; 0.713      ;
; 0.494 ; morse_fsm:morse_fsm_inst|state_idx[3] ; morse_fsm:morse_fsm_inst|state_idx[3] ; pll_inst|altpll_component|auto_generated|pll1|clk[0] ; pll_inst|altpll_component|auto_generated|pll1|clk[0] ; 0.000        ; 0.055      ; 0.713      ;
; 0.495 ; tick_counter[5]                       ; tick_counter[5]                       ; pll_inst|altpll_component|auto_generated|pll1|clk[0] ; pll_inst|altpll_component|auto_generated|pll1|clk[0] ; 0.000        ; 0.054      ; 0.713      ;
; 0.496 ; tick_counter[20]                      ; tick_counter[20]                      ; pll_inst|altpll_component|auto_generated|pll1|clk[0] ; pll_inst|altpll_component|auto_generated|pll1|clk[0] ; 0.000        ; 0.055      ; 0.715      ;
; 0.497 ; tick_counter[4]                       ; tick_counter[4]                       ; pll_inst|altpll_component|auto_generated|pll1|clk[0] ; pll_inst|altpll_component|auto_generated|pll1|clk[0] ; 0.000        ; 0.054      ; 0.715      ;
; 0.497 ; morse_fsm:morse_fsm_inst|state_idx[2] ; morse_fsm:morse_fsm_inst|state_idx[5] ; pll_inst|altpll_component|auto_generated|pll1|clk[0] ; pll_inst|altpll_component|auto_generated|pll1|clk[0] ; 0.000        ; 0.055      ; 0.716      ;
; 0.497 ; morse_fsm:morse_fsm_inst|state_idx[4] ; morse_fsm:morse_fsm_inst|state_idx[4] ; pll_inst|altpll_component|auto_generated|pll1|clk[0] ; pll_inst|altpll_component|auto_generated|pll1|clk[0] ; 0.000        ; 0.055      ; 0.716      ;
; 0.507 ; tick_counter[0]                       ; tick_counter[0]                       ; pll_inst|altpll_component|auto_generated|pll1|clk[0] ; pll_inst|altpll_component|auto_generated|pll1|clk[0] ; 0.000        ; 0.054      ; 0.725      ;
; 0.536 ; morse_fsm:morse_fsm_inst|state_idx[0] ; morse_fsm:morse_fsm_inst|state_idx[0] ; pll_inst|altpll_component|auto_generated|pll1|clk[0] ; pll_inst|altpll_component|auto_generated|pll1|clk[0] ; 0.000        ; 0.055      ; 0.755      ;
; 0.735 ; tick_counter[19]                      ; tick_counter[20]                      ; pll_inst|altpll_component|auto_generated|pll1|clk[0] ; pll_inst|altpll_component|auto_generated|pll1|clk[0] ; 0.000        ; 0.055      ; 0.954      ;
; 0.736 ; tick_counter[3]                       ; tick_counter[4]                       ; pll_inst|altpll_component|auto_generated|pll1|clk[0] ; pll_inst|altpll_component|auto_generated|pll1|clk[0] ; 0.000        ; 0.054      ; 0.954      ;
; 0.739 ; tick_counter[17]                      ; tick_counter[18]                      ; pll_inst|altpll_component|auto_generated|pll1|clk[0] ; pll_inst|altpll_component|auto_generated|pll1|clk[0] ; 0.000        ; 0.055      ; 0.958      ;
; 0.739 ; tick_counter[1]                       ; tick_counter[2]                       ; pll_inst|altpll_component|auto_generated|pll1|clk[0] ; pll_inst|altpll_component|auto_generated|pll1|clk[0] ; 0.000        ; 0.054      ; 0.957      ;
; 0.739 ; morse_fsm:morse_fsm_inst|state_idx[3] ; morse_fsm:morse_fsm_inst|state_idx[4] ; pll_inst|altpll_component|auto_generated|pll1|clk[0] ; pll_inst|altpll_component|auto_generated|pll1|clk[0] ; 0.000        ; 0.055      ; 0.958      ;
; 0.739 ; tick_counter[12]                      ; tick_counter[13]                      ; pll_inst|altpll_component|auto_generated|pll1|clk[0] ; pll_inst|altpll_component|auto_generated|pll1|clk[0] ; 0.000        ; 0.055      ; 0.958      ;
; 0.741 ; tick_counter[18]                      ; tick_counter[19]                      ; pll_inst|altpll_component|auto_generated|pll1|clk[0] ; pll_inst|altpll_component|auto_generated|pll1|clk[0] ; 0.000        ; 0.055      ; 0.960      ;
; 0.741 ; tick_counter[0]                       ; tick_counter[1]                       ; pll_inst|altpll_component|auto_generated|pll1|clk[0] ; pll_inst|altpll_component|auto_generated|pll1|clk[0] ; 0.000        ; 0.054      ; 0.959      ;
; 0.742 ; tick_counter[2]                       ; tick_counter[3]                       ; pll_inst|altpll_component|auto_generated|pll1|clk[0] ; pll_inst|altpll_component|auto_generated|pll1|clk[0] ; 0.000        ; 0.054      ; 0.960      ;
; 0.745 ; tick_counter[20]                      ; tick_counter[21]                      ; pll_inst|altpll_component|auto_generated|pll1|clk[0] ; pll_inst|altpll_component|auto_generated|pll1|clk[0] ; 0.000        ; 0.055      ; 0.964      ;
; 0.746 ; tick_counter[4]                       ; tick_counter[5]                       ; pll_inst|altpll_component|auto_generated|pll1|clk[0] ; pll_inst|altpll_component|auto_generated|pll1|clk[0] ; 0.000        ; 0.054      ; 0.964      ;
; 0.748 ; tick_counter[18]                      ; tick_counter[20]                      ; pll_inst|altpll_component|auto_generated|pll1|clk[0] ; pll_inst|altpll_component|auto_generated|pll1|clk[0] ; 0.000        ; 0.055      ; 0.967      ;
; 0.748 ; tick_counter[0]                       ; tick_counter[2]                       ; pll_inst|altpll_component|auto_generated|pll1|clk[0] ; pll_inst|altpll_component|auto_generated|pll1|clk[0] ; 0.000        ; 0.054      ; 0.966      ;
; 0.749 ; morse_fsm:morse_fsm_inst|state_idx[1] ; morse_fsm:morse_fsm_inst|state_idx[5] ; pll_inst|altpll_component|auto_generated|pll1|clk[0] ; pll_inst|altpll_component|auto_generated|pll1|clk[0] ; 0.000        ; 0.051      ; 0.964      ;
; 0.749 ; tick_counter[2]                       ; tick_counter[4]                       ; pll_inst|altpll_component|auto_generated|pll1|clk[0] ; pll_inst|altpll_component|auto_generated|pll1|clk[0] ; 0.000        ; 0.054      ; 0.967      ;
; 0.769 ; morse_fsm:morse_fsm_inst|state_idx[0] ; morse_fsm:morse_fsm_inst|state_idx[1] ; pll_inst|altpll_component|auto_generated|pll1|clk[0] ; pll_inst|altpll_component|auto_generated|pll1|clk[0] ; 0.000        ; 0.055      ; 0.988      ;
; 0.824 ; morse_fsm:morse_fsm_inst|state_idx[1] ; morse_fsm:morse_fsm_inst|state_idx[3] ; pll_inst|altpll_component|auto_generated|pll1|clk[0] ; pll_inst|altpll_component|auto_generated|pll1|clk[0] ; 0.000        ; 0.055      ; 1.043      ;
; 0.824 ; tick_counter[19]                      ; tick_counter[21]                      ; pll_inst|altpll_component|auto_generated|pll1|clk[0] ; pll_inst|altpll_component|auto_generated|pll1|clk[0] ; 0.000        ; 0.055      ; 1.043      ;
; 0.825 ; tick_counter[13]                      ; tick_counter[15]                      ; pll_inst|altpll_component|auto_generated|pll1|clk[0] ; pll_inst|altpll_component|auto_generated|pll1|clk[0] ; 0.000        ; 0.055      ; 1.044      ;
; 0.825 ; tick_counter[3]                       ; tick_counter[5]                       ; pll_inst|altpll_component|auto_generated|pll1|clk[0] ; pll_inst|altpll_component|auto_generated|pll1|clk[0] ; 0.000        ; 0.054      ; 1.043      ;
; 0.826 ; tick_counter[15]                      ; tick_counter[17]                      ; pll_inst|altpll_component|auto_generated|pll1|clk[0] ; pll_inst|altpll_component|auto_generated|pll1|clk[0] ; 0.000        ; 0.055      ; 1.045      ;
; 0.828 ; tick_counter[17]                      ; tick_counter[19]                      ; pll_inst|altpll_component|auto_generated|pll1|clk[0] ; pll_inst|altpll_component|auto_generated|pll1|clk[0] ; 0.000        ; 0.055      ; 1.047      ;
; 0.828 ; tick_counter[1]                       ; tick_counter[3]                       ; pll_inst|altpll_component|auto_generated|pll1|clk[0] ; pll_inst|altpll_component|auto_generated|pll1|clk[0] ; 0.000        ; 0.054      ; 1.046      ;
; 0.830 ; tick_counter[7]                       ; tick_counter[9]                       ; pll_inst|altpll_component|auto_generated|pll1|clk[0] ; pll_inst|altpll_component|auto_generated|pll1|clk[0] ; 0.000        ; 0.054      ; 1.048      ;
; 0.831 ; morse_fsm:morse_fsm_inst|state_idx[1] ; morse_fsm:morse_fsm_inst|state_idx[4] ; pll_inst|altpll_component|auto_generated|pll1|clk[0] ; pll_inst|altpll_component|auto_generated|pll1|clk[0] ; 0.000        ; 0.055      ; 1.050      ;
; 0.833 ; tick_counter[15]                      ; tick_counter[18]                      ; pll_inst|altpll_component|auto_generated|pll1|clk[0] ; pll_inst|altpll_component|auto_generated|pll1|clk[0] ; 0.000        ; 0.055      ; 1.052      ;
; 0.835 ; tick_counter[9]                       ; tick_counter[12]                      ; pll_inst|altpll_component|auto_generated|pll1|clk[0] ; pll_inst|altpll_component|auto_generated|pll1|clk[0] ; 0.000        ; 0.054      ; 1.053      ;
; 0.835 ; tick_counter[17]                      ; tick_counter[20]                      ; pll_inst|altpll_component|auto_generated|pll1|clk[0] ; pll_inst|altpll_component|auto_generated|pll1|clk[0] ; 0.000        ; 0.055      ; 1.054      ;
; 0.835 ; tick_counter[1]                       ; tick_counter[4]                       ; pll_inst|altpll_component|auto_generated|pll1|clk[0] ; pll_inst|altpll_component|auto_generated|pll1|clk[0] ; 0.000        ; 0.054      ; 1.053      ;
; 0.835 ; tick_counter[12]                      ; tick_counter[15]                      ; pll_inst|altpll_component|auto_generated|pll1|clk[0] ; pll_inst|altpll_component|auto_generated|pll1|clk[0] ; 0.000        ; 0.055      ; 1.054      ;
; 0.837 ; tick_counter[18]                      ; tick_counter[21]                      ; pll_inst|altpll_component|auto_generated|pll1|clk[0] ; pll_inst|altpll_component|auto_generated|pll1|clk[0] ; 0.000        ; 0.055      ; 1.056      ;
; 0.837 ; tick_counter[0]                       ; tick_counter[3]                       ; pll_inst|altpll_component|auto_generated|pll1|clk[0] ; pll_inst|altpll_component|auto_generated|pll1|clk[0] ; 0.000        ; 0.054      ; 1.055      ;
; 0.838 ; tick_counter[2]                       ; tick_counter[5]                       ; pll_inst|altpll_component|auto_generated|pll1|clk[0] ; pll_inst|altpll_component|auto_generated|pll1|clk[0] ; 0.000        ; 0.054      ; 1.056      ;
; 0.842 ; tick_counter[6]                       ; tick_counter[9]                       ; pll_inst|altpll_component|auto_generated|pll1|clk[0] ; pll_inst|altpll_component|auto_generated|pll1|clk[0] ; 0.000        ; 0.054      ; 1.060      ;
; 0.844 ; tick_counter[0]                       ; tick_counter[4]                       ; pll_inst|altpll_component|auto_generated|pll1|clk[0] ; pll_inst|altpll_component|auto_generated|pll1|clk[0] ; 0.000        ; 0.054      ; 1.062      ;
; 0.854 ; morse_fsm:morse_fsm_inst|state_idx[1] ; morse_fsm:morse_fsm_inst|state_idx[2] ; pll_inst|altpll_component|auto_generated|pll1|clk[0] ; pll_inst|altpll_component|auto_generated|pll1|clk[0] ; 0.000        ; 0.051      ; 1.069      ;
; 0.857 ; tick_counter[24]                      ; tick_counter[24]                      ; pll_inst|altpll_component|auto_generated|pll1|clk[0] ; pll_inst|altpll_component|auto_generated|pll1|clk[0] ; 0.000        ; 0.055      ; 1.076      ;
; 0.865 ; morse_fsm:morse_fsm_inst|state_idx[0] ; morse_fsm:morse_fsm_inst|state_idx[3] ; pll_inst|altpll_component|auto_generated|pll1|clk[0] ; pll_inst|altpll_component|auto_generated|pll1|clk[0] ; 0.000        ; 0.055      ; 1.084      ;
; 0.872 ; morse_fsm:morse_fsm_inst|state_idx[0] ; morse_fsm:morse_fsm_inst|state_idx[4] ; pll_inst|altpll_component|auto_generated|pll1|clk[0] ; pll_inst|altpll_component|auto_generated|pll1|clk[0] ; 0.000        ; 0.055      ; 1.091      ;
; 0.921 ; tick_counter[13]                      ; tick_counter[17]                      ; pll_inst|altpll_component|auto_generated|pll1|clk[0] ; pll_inst|altpll_component|auto_generated|pll1|clk[0] ; 0.000        ; 0.055      ; 1.140      ;
; 0.922 ; tick_counter[15]                      ; tick_counter[19]                      ; pll_inst|altpll_component|auto_generated|pll1|clk[0] ; pll_inst|altpll_component|auto_generated|pll1|clk[0] ; 0.000        ; 0.055      ; 1.141      ;
; 0.923 ; tick_counter[9]                       ; tick_counter[13]                      ; pll_inst|altpll_component|auto_generated|pll1|clk[0] ; pll_inst|altpll_component|auto_generated|pll1|clk[0] ; 0.000        ; 0.055      ; 1.142      ;
; 0.924 ; tick_counter[17]                      ; tick_counter[21]                      ; pll_inst|altpll_component|auto_generated|pll1|clk[0] ; pll_inst|altpll_component|auto_generated|pll1|clk[0] ; 0.000        ; 0.055      ; 1.143      ;
; 0.924 ; tick_counter[1]                       ; tick_counter[5]                       ; pll_inst|altpll_component|auto_generated|pll1|clk[0] ; pll_inst|altpll_component|auto_generated|pll1|clk[0] ; 0.000        ; 0.054      ; 1.142      ;
; 0.925 ; tick_counter[5]                       ; tick_counter[9]                       ; pll_inst|altpll_component|auto_generated|pll1|clk[0] ; pll_inst|altpll_component|auto_generated|pll1|clk[0] ; 0.000        ; 0.054      ; 1.143      ;
; 0.928 ; tick_counter[13]                      ; tick_counter[18]                      ; pll_inst|altpll_component|auto_generated|pll1|clk[0] ; pll_inst|altpll_component|auto_generated|pll1|clk[0] ; 0.000        ; 0.055      ; 1.147      ;
; 0.929 ; tick_counter[15]                      ; tick_counter[20]                      ; pll_inst|altpll_component|auto_generated|pll1|clk[0] ; pll_inst|altpll_component|auto_generated|pll1|clk[0] ; 0.000        ; 0.055      ; 1.148      ;
; 0.931 ; tick_counter[12]                      ; tick_counter[17]                      ; pll_inst|altpll_component|auto_generated|pll1|clk[0] ; pll_inst|altpll_component|auto_generated|pll1|clk[0] ; 0.000        ; 0.055      ; 1.150      ;
; 0.933 ; tick_counter[7]                       ; tick_counter[12]                      ; pll_inst|altpll_component|auto_generated|pll1|clk[0] ; pll_inst|altpll_component|auto_generated|pll1|clk[0] ; 0.000        ; 0.054      ; 1.151      ;
; 0.933 ; tick_counter[0]                       ; tick_counter[5]                       ; pll_inst|altpll_component|auto_generated|pll1|clk[0] ; pll_inst|altpll_component|auto_generated|pll1|clk[0] ; 0.000        ; 0.054      ; 1.151      ;
; 0.938 ; tick_counter[4]                       ; tick_counter[9]                       ; pll_inst|altpll_component|auto_generated|pll1|clk[0] ; pll_inst|altpll_component|auto_generated|pll1|clk[0] ; 0.000        ; 0.054      ; 1.156      ;
; 0.938 ; tick_counter[12]                      ; tick_counter[18]                      ; pll_inst|altpll_component|auto_generated|pll1|clk[0] ; pll_inst|altpll_component|auto_generated|pll1|clk[0] ; 0.000        ; 0.055      ; 1.157      ;
; 0.945 ; tick_counter[6]                       ; tick_counter[12]                      ; pll_inst|altpll_component|auto_generated|pll1|clk[0] ; pll_inst|altpll_component|auto_generated|pll1|clk[0] ; 0.000        ; 0.054      ; 1.163      ;
; 0.950 ; tick_counter[25]                      ; tick_counter[25]                      ; pll_inst|altpll_component|auto_generated|pll1|clk[0] ; pll_inst|altpll_component|auto_generated|pll1|clk[0] ; 0.000        ; 0.055      ; 1.169      ;
; 0.950 ; tick_counter[23]                      ; tick_counter[23]                      ; pll_inst|altpll_component|auto_generated|pll1|clk[0] ; pll_inst|altpll_component|auto_generated|pll1|clk[0] ; 0.000        ; 0.055      ; 1.169      ;
; 0.957 ; tick_counter[6]                       ; tick_counter[6]                       ; pll_inst|altpll_component|auto_generated|pll1|clk[0] ; pll_inst|altpll_component|auto_generated|pll1|clk[0] ; 0.000        ; 0.054      ; 1.175      ;
; 0.957 ; tick_counter[7]                       ; tick_counter[7]                       ; pll_inst|altpll_component|auto_generated|pll1|clk[0] ; pll_inst|altpll_component|auto_generated|pll1|clk[0] ; 0.000        ; 0.054      ; 1.175      ;
; 0.960 ; morse_fsm:morse_fsm_inst|state_idx[5] ; morse_fsm:morse_fsm_inst|state_idx[5] ; pll_inst|altpll_component|auto_generated|pll1|clk[0] ; pll_inst|altpll_component|auto_generated|pll1|clk[0] ; 0.000        ; 0.055      ; 1.179      ;
; 0.970 ; morse_fsm:morse_fsm_inst|state_idx[5] ; morse_fsm:morse_fsm_inst|state_idx[2] ; pll_inst|altpll_component|auto_generated|pll1|clk[0] ; pll_inst|altpll_component|auto_generated|pll1|clk[0] ; 0.000        ; 0.055      ; 1.189      ;
; 1.017 ; tick_counter[13]                      ; tick_counter[19]                      ; pll_inst|altpll_component|auto_generated|pll1|clk[0] ; pll_inst|altpll_component|auto_generated|pll1|clk[0] ; 0.000        ; 0.055      ; 1.236      ;
; 1.017 ; tick_counter[3]                       ; tick_counter[9]                       ; pll_inst|altpll_component|auto_generated|pll1|clk[0] ; pll_inst|altpll_component|auto_generated|pll1|clk[0] ; 0.000        ; 0.054      ; 1.235      ;
; 1.018 ; tick_counter[15]                      ; tick_counter[21]                      ; pll_inst|altpll_component|auto_generated|pll1|clk[0] ; pll_inst|altpll_component|auto_generated|pll1|clk[0] ; 0.000        ; 0.055      ; 1.237      ;
; 1.019 ; tick_counter[9]                       ; tick_counter[15]                      ; pll_inst|altpll_component|auto_generated|pll1|clk[0] ; pll_inst|altpll_component|auto_generated|pll1|clk[0] ; 0.000        ; 0.055      ; 1.238      ;
; 1.021 ; tick_counter[7]                       ; tick_counter[13]                      ; pll_inst|altpll_component|auto_generated|pll1|clk[0] ; pll_inst|altpll_component|auto_generated|pll1|clk[0] ; 0.000        ; 0.055      ; 1.240      ;
; 1.024 ; tick_counter[13]                      ; tick_counter[20]                      ; pll_inst|altpll_component|auto_generated|pll1|clk[0] ; pll_inst|altpll_component|auto_generated|pll1|clk[0] ; 0.000        ; 0.055      ; 1.243      ;
; 1.027 ; tick_counter[12]                      ; tick_counter[19]                      ; pll_inst|altpll_component|auto_generated|pll1|clk[0] ; pll_inst|altpll_component|auto_generated|pll1|clk[0] ; 0.000        ; 0.055      ; 1.246      ;
; 1.028 ; tick_counter[5]                       ; tick_counter[12]                      ; pll_inst|altpll_component|auto_generated|pll1|clk[0] ; pll_inst|altpll_component|auto_generated|pll1|clk[0] ; 0.000        ; 0.054      ; 1.246      ;
; 1.030 ; tick_counter[2]                       ; tick_counter[9]                       ; pll_inst|altpll_component|auto_generated|pll1|clk[0] ; pll_inst|altpll_component|auto_generated|pll1|clk[0] ; 0.000        ; 0.054      ; 1.248      ;
; 1.033 ; tick_counter[6]                       ; tick_counter[13]                      ; pll_inst|altpll_component|auto_generated|pll1|clk[0] ; pll_inst|altpll_component|auto_generated|pll1|clk[0] ; 0.000        ; 0.055      ; 1.252      ;
; 1.034 ; tick_counter[12]                      ; tick_counter[20]                      ; pll_inst|altpll_component|auto_generated|pll1|clk[0] ; pll_inst|altpll_component|auto_generated|pll1|clk[0] ; 0.000        ; 0.055      ; 1.253      ;
; 1.041 ; tick_counter[4]                       ; tick_counter[12]                      ; pll_inst|altpll_component|auto_generated|pll1|clk[0] ; pll_inst|altpll_component|auto_generated|pll1|clk[0] ; 0.000        ; 0.054      ; 1.259      ;
; 1.046 ; morse_fsm:morse_fsm_inst|state_idx[2] ; morse_fsm:morse_fsm_inst|state_idx[3] ; pll_inst|altpll_component|auto_generated|pll1|clk[0] ; pll_inst|altpll_component|auto_generated|pll1|clk[0] ; 0.000        ; 0.059      ; 1.269      ;
; 1.064 ; morse_fsm:morse_fsm_inst|state_idx[2] ; morse_fsm:morse_fsm_inst|state_idx[4] ; pll_inst|altpll_component|auto_generated|pll1|clk[0] ; pll_inst|altpll_component|auto_generated|pll1|clk[0] ; 0.000        ; 0.059      ; 1.287      ;
; 1.094 ; tick_counter[14]                      ; tick_counter[15]                      ; pll_inst|altpll_component|auto_generated|pll1|clk[0] ; pll_inst|altpll_component|auto_generated|pll1|clk[0] ; 0.000        ; 0.053      ; 1.311      ;
; 1.096 ; tick_counter[23]                      ; tick_counter[24]                      ; pll_inst|altpll_component|auto_generated|pll1|clk[0] ; pll_inst|altpll_component|auto_generated|pll1|clk[0] ; 0.000        ; 0.055      ; 1.315      ;
; 1.113 ; tick_counter[13]                      ; tick_counter[21]                      ; pll_inst|altpll_component|auto_generated|pll1|clk[0] ; pll_inst|altpll_component|auto_generated|pll1|clk[0] ; 0.000        ; 0.055      ; 1.332      ;
; 1.115 ; tick_counter[9]                       ; tick_counter[17]                      ; pll_inst|altpll_component|auto_generated|pll1|clk[0] ; pll_inst|altpll_component|auto_generated|pll1|clk[0] ; 0.000        ; 0.055      ; 1.334      ;
; 1.116 ; tick_counter[10]                      ; tick_counter[12]                      ; pll_inst|altpll_component|auto_generated|pll1|clk[0] ; pll_inst|altpll_component|auto_generated|pll1|clk[0] ; 0.000        ; 0.052      ; 1.332      ;
; 1.116 ; tick_counter[1]                       ; tick_counter[9]                       ; pll_inst|altpll_component|auto_generated|pll1|clk[0] ; pll_inst|altpll_component|auto_generated|pll1|clk[0] ; 0.000        ; 0.054      ; 1.334      ;
+-------+---------------------------------------+---------------------------------------+------------------------------------------------------+------------------------------------------------------+--------------+------------+------------+


+-----------------------------------------------------------------------------------------------------------------------------------------------------------------------------------------------------------+
; Slow 1200mV 0C Model Minimum Pulse Width: 'pll_inst|altpll_component|auto_generated|pll1|clk[0]'                                                                                                          ;
+-------+--------------+----------------+------------------+------------------------------------------------------+------------+----------------------------------------------------------------------------+
; Slack ; Actual Width ; Required Width ; Type             ; Clock                                                ; Clock Edge ; Target                                                                     ;
+-------+--------------+----------------+------------------+------------------------------------------------------+------------+----------------------------------------------------------------------------+
; 3.314 ; 3.530        ; 0.216          ; High Pulse Width ; pll_inst|altpll_component|auto_generated|pll1|clk[0] ; Rise       ; tick                                                                       ;
; 3.314 ; 3.530        ; 0.216          ; High Pulse Width ; pll_inst|altpll_component|auto_generated|pll1|clk[0] ; Rise       ; tick_counter[0]                                                            ;
; 3.314 ; 3.530        ; 0.216          ; High Pulse Width ; pll_inst|altpll_component|auto_generated|pll1|clk[0] ; Rise       ; tick_counter[12]                                                           ;
; 3.314 ; 3.530        ; 0.216          ; High Pulse Width ; pll_inst|altpll_component|auto_generated|pll1|clk[0] ; Rise       ; tick_counter[1]                                                            ;
; 3.314 ; 3.530        ; 0.216          ; High Pulse Width ; pll_inst|altpll_component|auto_generated|pll1|clk[0] ; Rise       ; tick_counter[2]                                                            ;
; 3.314 ; 3.530        ; 0.216          ; High Pulse Width ; pll_inst|altpll_component|auto_generated|pll1|clk[0] ; Rise       ; tick_counter[3]                                                            ;
; 3.314 ; 3.530        ; 0.216          ; High Pulse Width ; pll_inst|altpll_component|auto_generated|pll1|clk[0] ; Rise       ; tick_counter[4]                                                            ;
; 3.314 ; 3.530        ; 0.216          ; High Pulse Width ; pll_inst|altpll_component|auto_generated|pll1|clk[0] ; Rise       ; tick_counter[5]                                                            ;
; 3.314 ; 3.530        ; 0.216          ; High Pulse Width ; pll_inst|altpll_component|auto_generated|pll1|clk[0] ; Rise       ; tick_counter[6]                                                            ;
; 3.314 ; 3.530        ; 0.216          ; High Pulse Width ; pll_inst|altpll_component|auto_generated|pll1|clk[0] ; Rise       ; tick_counter[7]                                                            ;
; 3.314 ; 3.530        ; 0.216          ; High Pulse Width ; pll_inst|altpll_component|auto_generated|pll1|clk[0] ; Rise       ; tick_counter[9]                                                            ;
; 3.315 ; 3.531        ; 0.216          ; High Pulse Width ; pll_inst|altpll_component|auto_generated|pll1|clk[0] ; Rise       ; morse_fsm:morse_fsm_inst|state_idx[0]                                      ;
; 3.315 ; 3.531        ; 0.216          ; High Pulse Width ; pll_inst|altpll_component|auto_generated|pll1|clk[0] ; Rise       ; morse_fsm:morse_fsm_inst|state_idx[1]                                      ;
; 3.315 ; 3.531        ; 0.216          ; High Pulse Width ; pll_inst|altpll_component|auto_generated|pll1|clk[0] ; Rise       ; morse_fsm:morse_fsm_inst|state_idx[2]                                      ;
; 3.315 ; 3.531        ; 0.216          ; High Pulse Width ; pll_inst|altpll_component|auto_generated|pll1|clk[0] ; Rise       ; morse_fsm:morse_fsm_inst|state_idx[3]                                      ;
; 3.315 ; 3.531        ; 0.216          ; High Pulse Width ; pll_inst|altpll_component|auto_generated|pll1|clk[0] ; Rise       ; morse_fsm:morse_fsm_inst|state_idx[4]                                      ;
; 3.315 ; 3.531        ; 0.216          ; High Pulse Width ; pll_inst|altpll_component|auto_generated|pll1|clk[0] ; Rise       ; morse_fsm:morse_fsm_inst|state_idx[5]                                      ;
; 3.315 ; 3.531        ; 0.216          ; High Pulse Width ; pll_inst|altpll_component|auto_generated|pll1|clk[0] ; Rise       ; tick_counter[10]                                                           ;
; 3.315 ; 3.531        ; 0.216          ; High Pulse Width ; pll_inst|altpll_component|auto_generated|pll1|clk[0] ; Rise       ; tick_counter[11]                                                           ;
; 3.315 ; 3.531        ; 0.216          ; High Pulse Width ; pll_inst|altpll_component|auto_generated|pll1|clk[0] ; Rise       ; tick_counter[14]                                                           ;
; 3.315 ; 3.531        ; 0.216          ; High Pulse Width ; pll_inst|altpll_component|auto_generated|pll1|clk[0] ; Rise       ; tick_counter[16]                                                           ;
; 3.315 ; 3.531        ; 0.216          ; High Pulse Width ; pll_inst|altpll_component|auto_generated|pll1|clk[0] ; Rise       ; tick_counter[22]                                                           ;
; 3.315 ; 3.531        ; 0.216          ; High Pulse Width ; pll_inst|altpll_component|auto_generated|pll1|clk[0] ; Rise       ; tick_counter[8]                                                            ;
; 3.316 ; 3.532        ; 0.216          ; High Pulse Width ; pll_inst|altpll_component|auto_generated|pll1|clk[0] ; Rise       ; tick_counter[13]                                                           ;
; 3.316 ; 3.532        ; 0.216          ; High Pulse Width ; pll_inst|altpll_component|auto_generated|pll1|clk[0] ; Rise       ; tick_counter[15]                                                           ;
; 3.316 ; 3.532        ; 0.216          ; High Pulse Width ; pll_inst|altpll_component|auto_generated|pll1|clk[0] ; Rise       ; tick_counter[17]                                                           ;
; 3.316 ; 3.532        ; 0.216          ; High Pulse Width ; pll_inst|altpll_component|auto_generated|pll1|clk[0] ; Rise       ; tick_counter[18]                                                           ;
; 3.316 ; 3.532        ; 0.216          ; High Pulse Width ; pll_inst|altpll_component|auto_generated|pll1|clk[0] ; Rise       ; tick_counter[19]                                                           ;
; 3.316 ; 3.532        ; 0.216          ; High Pulse Width ; pll_inst|altpll_component|auto_generated|pll1|clk[0] ; Rise       ; tick_counter[20]                                                           ;
; 3.316 ; 3.532        ; 0.216          ; High Pulse Width ; pll_inst|altpll_component|auto_generated|pll1|clk[0] ; Rise       ; tick_counter[21]                                                           ;
; 3.316 ; 3.532        ; 0.216          ; High Pulse Width ; pll_inst|altpll_component|auto_generated|pll1|clk[0] ; Rise       ; tick_counter[23]                                                           ;
; 3.316 ; 3.532        ; 0.216          ; High Pulse Width ; pll_inst|altpll_component|auto_generated|pll1|clk[0] ; Rise       ; tick_counter[24]                                                           ;
; 3.316 ; 3.532        ; 0.216          ; High Pulse Width ; pll_inst|altpll_component|auto_generated|pll1|clk[0] ; Rise       ; tick_counter[25]                                                           ;
; 3.425 ; 3.609        ; 0.184          ; Low Pulse Width  ; pll_inst|altpll_component|auto_generated|pll1|clk[0] ; Rise       ; tick_counter[13]                                                           ;
; 3.425 ; 3.609        ; 0.184          ; Low Pulse Width  ; pll_inst|altpll_component|auto_generated|pll1|clk[0] ; Rise       ; tick_counter[15]                                                           ;
; 3.425 ; 3.609        ; 0.184          ; Low Pulse Width  ; pll_inst|altpll_component|auto_generated|pll1|clk[0] ; Rise       ; tick_counter[17]                                                           ;
; 3.425 ; 3.609        ; 0.184          ; Low Pulse Width  ; pll_inst|altpll_component|auto_generated|pll1|clk[0] ; Rise       ; tick_counter[18]                                                           ;
; 3.425 ; 3.609        ; 0.184          ; Low Pulse Width  ; pll_inst|altpll_component|auto_generated|pll1|clk[0] ; Rise       ; tick_counter[19]                                                           ;
; 3.425 ; 3.609        ; 0.184          ; Low Pulse Width  ; pll_inst|altpll_component|auto_generated|pll1|clk[0] ; Rise       ; tick_counter[20]                                                           ;
; 3.425 ; 3.609        ; 0.184          ; Low Pulse Width  ; pll_inst|altpll_component|auto_generated|pll1|clk[0] ; Rise       ; tick_counter[21]                                                           ;
; 3.425 ; 3.609        ; 0.184          ; Low Pulse Width  ; pll_inst|altpll_component|auto_generated|pll1|clk[0] ; Rise       ; tick_counter[23]                                                           ;
; 3.425 ; 3.609        ; 0.184          ; Low Pulse Width  ; pll_inst|altpll_component|auto_generated|pll1|clk[0] ; Rise       ; tick_counter[24]                                                           ;
; 3.425 ; 3.609        ; 0.184          ; Low Pulse Width  ; pll_inst|altpll_component|auto_generated|pll1|clk[0] ; Rise       ; tick_counter[25]                                                           ;
; 3.426 ; 3.610        ; 0.184          ; Low Pulse Width  ; pll_inst|altpll_component|auto_generated|pll1|clk[0] ; Rise       ; morse_fsm:morse_fsm_inst|state_idx[0]                                      ;
; 3.426 ; 3.610        ; 0.184          ; Low Pulse Width  ; pll_inst|altpll_component|auto_generated|pll1|clk[0] ; Rise       ; morse_fsm:morse_fsm_inst|state_idx[1]                                      ;
; 3.426 ; 3.610        ; 0.184          ; Low Pulse Width  ; pll_inst|altpll_component|auto_generated|pll1|clk[0] ; Rise       ; morse_fsm:morse_fsm_inst|state_idx[2]                                      ;
; 3.426 ; 3.610        ; 0.184          ; Low Pulse Width  ; pll_inst|altpll_component|auto_generated|pll1|clk[0] ; Rise       ; morse_fsm:morse_fsm_inst|state_idx[3]                                      ;
; 3.426 ; 3.610        ; 0.184          ; Low Pulse Width  ; pll_inst|altpll_component|auto_generated|pll1|clk[0] ; Rise       ; morse_fsm:morse_fsm_inst|state_idx[4]                                      ;
; 3.426 ; 3.610        ; 0.184          ; Low Pulse Width  ; pll_inst|altpll_component|auto_generated|pll1|clk[0] ; Rise       ; morse_fsm:morse_fsm_inst|state_idx[5]                                      ;
; 3.426 ; 3.610        ; 0.184          ; Low Pulse Width  ; pll_inst|altpll_component|auto_generated|pll1|clk[0] ; Rise       ; tick_counter[10]                                                           ;
; 3.426 ; 3.610        ; 0.184          ; Low Pulse Width  ; pll_inst|altpll_component|auto_generated|pll1|clk[0] ; Rise       ; tick_counter[11]                                                           ;
; 3.426 ; 3.610        ; 0.184          ; Low Pulse Width  ; pll_inst|altpll_component|auto_generated|pll1|clk[0] ; Rise       ; tick_counter[14]                                                           ;
; 3.426 ; 3.610        ; 0.184          ; Low Pulse Width  ; pll_inst|altpll_component|auto_generated|pll1|clk[0] ; Rise       ; tick_counter[16]                                                           ;
; 3.426 ; 3.610        ; 0.184          ; Low Pulse Width  ; pll_inst|altpll_component|auto_generated|pll1|clk[0] ; Rise       ; tick_counter[22]                                                           ;
; 3.426 ; 3.610        ; 0.184          ; Low Pulse Width  ; pll_inst|altpll_component|auto_generated|pll1|clk[0] ; Rise       ; tick_counter[8]                                                            ;
; 3.427 ; 3.611        ; 0.184          ; Low Pulse Width  ; pll_inst|altpll_component|auto_generated|pll1|clk[0] ; Rise       ; tick                                                                       ;
; 3.427 ; 3.611        ; 0.184          ; Low Pulse Width  ; pll_inst|altpll_component|auto_generated|pll1|clk[0] ; Rise       ; tick_counter[0]                                                            ;
; 3.427 ; 3.611        ; 0.184          ; Low Pulse Width  ; pll_inst|altpll_component|auto_generated|pll1|clk[0] ; Rise       ; tick_counter[12]                                                           ;
; 3.427 ; 3.611        ; 0.184          ; Low Pulse Width  ; pll_inst|altpll_component|auto_generated|pll1|clk[0] ; Rise       ; tick_counter[1]                                                            ;
; 3.427 ; 3.611        ; 0.184          ; Low Pulse Width  ; pll_inst|altpll_component|auto_generated|pll1|clk[0] ; Rise       ; tick_counter[2]                                                            ;
; 3.427 ; 3.611        ; 0.184          ; Low Pulse Width  ; pll_inst|altpll_component|auto_generated|pll1|clk[0] ; Rise       ; tick_counter[3]                                                            ;
; 3.427 ; 3.611        ; 0.184          ; Low Pulse Width  ; pll_inst|altpll_component|auto_generated|pll1|clk[0] ; Rise       ; tick_counter[4]                                                            ;
; 3.427 ; 3.611        ; 0.184          ; Low Pulse Width  ; pll_inst|altpll_component|auto_generated|pll1|clk[0] ; Rise       ; tick_counter[5]                                                            ;
; 3.427 ; 3.611        ; 0.184          ; Low Pulse Width  ; pll_inst|altpll_component|auto_generated|pll1|clk[0] ; Rise       ; tick_counter[6]                                                            ;
; 3.427 ; 3.611        ; 0.184          ; Low Pulse Width  ; pll_inst|altpll_component|auto_generated|pll1|clk[0] ; Rise       ; tick_counter[7]                                                            ;
; 3.427 ; 3.611        ; 0.184          ; Low Pulse Width  ; pll_inst|altpll_component|auto_generated|pll1|clk[0] ; Rise       ; tick_counter[9]                                                            ;
; 3.552 ; 3.552        ; 0.000          ; High Pulse Width ; pll_inst|altpll_component|auto_generated|pll1|clk[0] ; Rise       ; pll_inst|altpll_component|auto_generated|wire_pll1_clk[0]~clkctrl|inclk[0] ;
; 3.552 ; 3.552        ; 0.000          ; High Pulse Width ; pll_inst|altpll_component|auto_generated|pll1|clk[0] ; Rise       ; pll_inst|altpll_component|auto_generated|wire_pll1_clk[0]~clkctrl|outclk   ;
; 3.554 ; 3.554        ; 0.000          ; High Pulse Width ; pll_inst|altpll_component|auto_generated|pll1|clk[0] ; Rise       ; tick_counter[0]|clk                                                        ;
; 3.554 ; 3.554        ; 0.000          ; High Pulse Width ; pll_inst|altpll_component|auto_generated|pll1|clk[0] ; Rise       ; tick_counter[12]|clk                                                       ;
; 3.554 ; 3.554        ; 0.000          ; High Pulse Width ; pll_inst|altpll_component|auto_generated|pll1|clk[0] ; Rise       ; tick_counter[1]|clk                                                        ;
; 3.554 ; 3.554        ; 0.000          ; High Pulse Width ; pll_inst|altpll_component|auto_generated|pll1|clk[0] ; Rise       ; tick_counter[2]|clk                                                        ;
; 3.554 ; 3.554        ; 0.000          ; High Pulse Width ; pll_inst|altpll_component|auto_generated|pll1|clk[0] ; Rise       ; tick_counter[3]|clk                                                        ;
; 3.554 ; 3.554        ; 0.000          ; High Pulse Width ; pll_inst|altpll_component|auto_generated|pll1|clk[0] ; Rise       ; tick_counter[4]|clk                                                        ;
; 3.554 ; 3.554        ; 0.000          ; High Pulse Width ; pll_inst|altpll_component|auto_generated|pll1|clk[0] ; Rise       ; tick_counter[5]|clk                                                        ;
; 3.554 ; 3.554        ; 0.000          ; High Pulse Width ; pll_inst|altpll_component|auto_generated|pll1|clk[0] ; Rise       ; tick_counter[6]|clk                                                        ;
; 3.554 ; 3.554        ; 0.000          ; High Pulse Width ; pll_inst|altpll_component|auto_generated|pll1|clk[0] ; Rise       ; tick_counter[7]|clk                                                        ;
; 3.554 ; 3.554        ; 0.000          ; High Pulse Width ; pll_inst|altpll_component|auto_generated|pll1|clk[0] ; Rise       ; tick_counter[9]|clk                                                        ;
; 3.554 ; 3.554        ; 0.000          ; High Pulse Width ; pll_inst|altpll_component|auto_generated|pll1|clk[0] ; Rise       ; tick|clk                                                                   ;
; 3.555 ; 3.555        ; 0.000          ; High Pulse Width ; pll_inst|altpll_component|auto_generated|pll1|clk[0] ; Rise       ; morse_fsm_inst|state_idx[0]|clk                                            ;
; 3.555 ; 3.555        ; 0.000          ; High Pulse Width ; pll_inst|altpll_component|auto_generated|pll1|clk[0] ; Rise       ; morse_fsm_inst|state_idx[1]|clk                                            ;
; 3.555 ; 3.555        ; 0.000          ; High Pulse Width ; pll_inst|altpll_component|auto_generated|pll1|clk[0] ; Rise       ; morse_fsm_inst|state_idx[2]|clk                                            ;
; 3.555 ; 3.555        ; 0.000          ; High Pulse Width ; pll_inst|altpll_component|auto_generated|pll1|clk[0] ; Rise       ; morse_fsm_inst|state_idx[3]|clk                                            ;
; 3.555 ; 3.555        ; 0.000          ; High Pulse Width ; pll_inst|altpll_component|auto_generated|pll1|clk[0] ; Rise       ; morse_fsm_inst|state_idx[4]|clk                                            ;
; 3.555 ; 3.555        ; 0.000          ; High Pulse Width ; pll_inst|altpll_component|auto_generated|pll1|clk[0] ; Rise       ; morse_fsm_inst|state_idx[5]|clk                                            ;
; 3.555 ; 3.555        ; 0.000          ; High Pulse Width ; pll_inst|altpll_component|auto_generated|pll1|clk[0] ; Rise       ; tick_counter[10]|clk                                                       ;
; 3.555 ; 3.555        ; 0.000          ; High Pulse Width ; pll_inst|altpll_component|auto_generated|pll1|clk[0] ; Rise       ; tick_counter[11]|clk                                                       ;
; 3.555 ; 3.555        ; 0.000          ; High Pulse Width ; pll_inst|altpll_component|auto_generated|pll1|clk[0] ; Rise       ; tick_counter[14]|clk                                                       ;
; 3.555 ; 3.555        ; 0.000          ; High Pulse Width ; pll_inst|altpll_component|auto_generated|pll1|clk[0] ; Rise       ; tick_counter[16]|clk                                                       ;
; 3.555 ; 3.555        ; 0.000          ; High Pulse Width ; pll_inst|altpll_component|auto_generated|pll1|clk[0] ; Rise       ; tick_counter[22]|clk                                                       ;
; 3.555 ; 3.555        ; 0.000          ; High Pulse Width ; pll_inst|altpll_component|auto_generated|pll1|clk[0] ; Rise       ; tick_counter[8]|clk                                                        ;
; 3.556 ; 3.556        ; 0.000          ; High Pulse Width ; pll_inst|altpll_component|auto_generated|pll1|clk[0] ; Rise       ; tick_counter[13]|clk                                                       ;
; 3.556 ; 3.556        ; 0.000          ; High Pulse Width ; pll_inst|altpll_component|auto_generated|pll1|clk[0] ; Rise       ; tick_counter[15]|clk                                                       ;
; 3.556 ; 3.556        ; 0.000          ; High Pulse Width ; pll_inst|altpll_component|auto_generated|pll1|clk[0] ; Rise       ; tick_counter[17]|clk                                                       ;
; 3.556 ; 3.556        ; 0.000          ; High Pulse Width ; pll_inst|altpll_component|auto_generated|pll1|clk[0] ; Rise       ; tick_counter[18]|clk                                                       ;
; 3.556 ; 3.556        ; 0.000          ; High Pulse Width ; pll_inst|altpll_component|auto_generated|pll1|clk[0] ; Rise       ; tick_counter[19]|clk                                                       ;
; 3.556 ; 3.556        ; 0.000          ; High Pulse Width ; pll_inst|altpll_component|auto_generated|pll1|clk[0] ; Rise       ; tick_counter[20]|clk                                                       ;
; 3.556 ; 3.556        ; 0.000          ; High Pulse Width ; pll_inst|altpll_component|auto_generated|pll1|clk[0] ; Rise       ; tick_counter[21]|clk                                                       ;
; 3.556 ; 3.556        ; 0.000          ; High Pulse Width ; pll_inst|altpll_component|auto_generated|pll1|clk[0] ; Rise       ; tick_counter[23]|clk                                                       ;
; 3.556 ; 3.556        ; 0.000          ; High Pulse Width ; pll_inst|altpll_component|auto_generated|pll1|clk[0] ; Rise       ; tick_counter[24]|clk                                                       ;
+-------+--------------+----------------+------------------+------------------------------------------------------+------------+----------------------------------------------------------------------------+


+----------------------------------------------------------------------------------------------------------------------------------------------------+
; Slow 1200mV 0C Model Minimum Pulse Width: 'CLOCK_50'                                                                                               ;
+--------+--------------+----------------+------------------+----------+------------+----------------------------------------------------------------+
; Slack  ; Actual Width ; Required Width ; Type             ; Clock    ; Clock Edge ; Target                                                         ;
+--------+--------------+----------------+------------------+----------+------------+----------------------------------------------------------------+
; 9.699  ; 9.699        ; 0.000          ; Low Pulse Width  ; CLOCK_50 ; Rise       ; pll_inst|altpll_component|auto_generated|pll1|clk[0]           ;
; 9.699  ; 9.699        ; 0.000          ; Low Pulse Width  ; CLOCK_50 ; Rise       ; pll_inst|altpll_component|auto_generated|pll1|observablevcoout ;
; 9.743  ; 9.743        ; 0.000          ; Low Pulse Width  ; CLOCK_50 ; Rise       ; CLOCK_50~input|o                                               ;
; 9.766  ; 9.766        ; 0.000          ; Low Pulse Width  ; CLOCK_50 ; Rise       ; pll_inst|altpll_component|auto_generated|pll1|inclk[0]         ;
; 10.000 ; 10.000       ; 0.000          ; High Pulse Width ; CLOCK_50 ; Rise       ; CLOCK_50~input|i                                               ;
; 10.000 ; 10.000       ; 0.000          ; Low Pulse Width  ; CLOCK_50 ; Rise       ; CLOCK_50~input|i                                               ;
; 10.233 ; 10.233       ; 0.000          ; High Pulse Width ; CLOCK_50 ; Rise       ; pll_inst|altpll_component|auto_generated|pll1|inclk[0]         ;
; 10.257 ; 10.257       ; 0.000          ; High Pulse Width ; CLOCK_50 ; Rise       ; CLOCK_50~input|o                                               ;
; 10.298 ; 10.298       ; 0.000          ; High Pulse Width ; CLOCK_50 ; Rise       ; pll_inst|altpll_component|auto_generated|pll1|clk[0]           ;
; 10.298 ; 10.298       ; 0.000          ; High Pulse Width ; CLOCK_50 ; Rise       ; pll_inst|altpll_component|auto_generated|pll1|observablevcoout ;
; 16.000 ; 20.000       ; 4.000          ; Port Rate        ; CLOCK_50 ; Rise       ; CLOCK_50                                                       ;
+--------+--------------+----------------+------------------+----------+------------+----------------------------------------------------------------+


+------------------------------------------------------------------------------------------------------------+
; Clock to Output Times                                                                                      ;
+-----------+------------+-------+-------+------------+------------------------------------------------------+
; Data Port ; Clock Port ; Rise  ; Fall  ; Clock Edge ; Clock Reference                                      ;
+-----------+------------+-------+-------+------------+------------------------------------------------------+
; LED[*]    ; CLOCK_50   ; 7.676 ; 8.004 ; Rise       ; pll_inst|altpll_component|auto_generated|pll1|clk[0] ;
;  LED[0]   ; CLOCK_50   ; 6.217 ; 6.113 ; Rise       ; pll_inst|altpll_component|auto_generated|pll1|clk[0] ;
;  LED[1]   ; CLOCK_50   ; 5.087 ; 5.159 ; Rise       ; pll_inst|altpll_component|auto_generated|pll1|clk[0] ;
;  LED[2]   ; CLOCK_50   ; 4.479 ; 4.398 ; Rise       ; pll_inst|altpll_component|auto_generated|pll1|clk[0] ;
;  LED[3]   ; CLOCK_50   ; 4.589 ; 4.612 ; Rise       ; pll_inst|altpll_component|auto_generated|pll1|clk[0] ;
;  LED[4]   ; CLOCK_50   ; 6.424 ; 6.399 ; Rise       ; pll_inst|altpll_component|auto_generated|pll1|clk[0] ;
;  LED[5]   ; CLOCK_50   ; 7.191 ; 7.514 ; Rise       ; pll_inst|altpll_component|auto_generated|pll1|clk[0] ;
;  LED[6]   ; CLOCK_50   ; 6.590 ; 6.577 ; Rise       ; pll_inst|altpll_component|auto_generated|pll1|clk[0] ;
;  LED[7]   ; CLOCK_50   ; 7.676 ; 8.004 ; Rise       ; pll_inst|altpll_component|auto_generated|pll1|clk[0] ;
+-----------+------------+-------+-------+------------+------------------------------------------------------+


+------------------------------------------------------------------------------------------------------------+
; Minimum Clock to Output Times                                                                              ;
+-----------+------------+-------+-------+------------+------------------------------------------------------+
; Data Port ; Clock Port ; Rise  ; Fall  ; Clock Edge ; Clock Reference                                      ;
+-----------+------------+-------+-------+------------+------------------------------------------------------+
; LED[*]    ; CLOCK_50   ; 3.979 ; 3.898 ; Rise       ; pll_inst|altpll_component|auto_generated|pll1|clk[0] ;
;  LED[0]   ; CLOCK_50   ; 4.093 ; 4.053 ; Rise       ; pll_inst|altpll_component|auto_generated|pll1|clk[0] ;
;  LED[1]   ; CLOCK_50   ; 4.560 ; 4.632 ; Rise       ; pll_inst|altpll_component|auto_generated|pll1|clk[0] ;
;  LED[2]   ; CLOCK_50   ; 3.979 ; 3.898 ; Rise       ; pll_inst|altpll_component|auto_generated|pll1|clk[0] ;
;  LED[3]   ; CLOCK_50   ; 4.081 ; 4.106 ; Rise       ; pll_inst|altpll_component|auto_generated|pll1|clk[0] ;
;  LED[4]   ; CLOCK_50   ; 5.849 ; 5.822 ; Rise       ; pll_inst|altpll_component|auto_generated|pll1|clk[0] ;
;  LED[5]   ; CLOCK_50   ; 6.647 ; 6.972 ; Rise       ; pll_inst|altpll_component|auto_generated|pll1|clk[0] ;
;  LED[6]   ; CLOCK_50   ; 6.003 ; 5.987 ; Rise       ; pll_inst|altpll_component|auto_generated|pll1|clk[0] ;
;  LED[7]   ; CLOCK_50   ; 7.113 ; 7.441 ; Rise       ; pll_inst|altpll_component|auto_generated|pll1|clk[0] ;
+-----------+------------+-------+-------+------------+------------------------------------------------------+


+----------------------------------------------------------+
; Propagation Delay                                        ;
+------------+-------------+-------+-------+-------+-------+
; Input Port ; Output Port ; RR    ; RF    ; FR    ; FF    ;
+------------+-------------+-------+-------+-------+-------+
; KEY[1]     ; LED[0]      ; 6.140 ; 6.061 ; 6.361 ; 6.243 ;
; KEY[1]     ; LED[1]      ; 6.329 ;       ;       ; 6.703 ;
; KEY[1]     ; LED[2]      ; 5.810 ;       ;       ; 5.844 ;
; KEY[1]     ; LED[3]      ; 5.831 ;       ;       ; 6.156 ;
; KEY[1]     ; LED[4]      ; 7.755 ;       ;       ; 7.845 ;
; KEY[1]     ; LED[5]      ; 8.433 ;       ;       ; 9.058 ;
; KEY[1]     ; LED[6]      ; 7.921 ;       ;       ; 8.023 ;
; KEY[1]     ; LED[7]      ; 8.918 ;       ;       ; 9.548 ;
+------------+-------------+-------+-------+-------+-------+


+----------------------------------------------------------+
; Minimum Propagation Delay                                ;
+------------+-------------+-------+-------+-------+-------+
; Input Port ; Output Port ; RR    ; RF    ; FR    ; FF    ;
+------------+-------------+-------+-------+-------+-------+
; KEY[1]     ; LED[0]      ; 5.909 ; 5.861 ; 6.161 ; 5.986 ;
; KEY[1]     ; LED[1]      ; 6.118 ;       ;       ; 6.491 ;
; KEY[1]     ; LED[2]      ; 5.623 ;       ;       ; 5.664 ;
; KEY[1]     ; LED[3]      ; 5.639 ;       ;       ; 5.965 ;
; KEY[1]     ; LED[4]      ; 7.493 ;       ;       ; 7.588 ;
; KEY[1]     ; LED[5]      ; 8.205 ;       ;       ; 8.831 ;
; KEY[1]     ; LED[6]      ; 7.647 ;       ;       ; 7.753 ;
; KEY[1]     ; LED[7]      ; 8.671 ;       ;       ; 9.300 ;
+------------+-------------+-------+-------+-------+-------+


---------------------------------------------
; Slow 1200mV 0C Model Metastability Report ;
---------------------------------------------
No synchronizer chains to report.


+------------------------------------------------------------------------------+
; Fast 1200mV 0C Model Setup Summary                                           ;
+------------------------------------------------------+-------+---------------+
; Clock                                                ; Slack ; End Point TNS ;
+------------------------------------------------------+-------+---------------+
; pll_inst|altpll_component|auto_generated|pll1|clk[0] ; 4.825 ; 0.000         ;
+------------------------------------------------------+-------+---------------+


+------------------------------------------------------------------------------+
; Fast 1200mV 0C Model Hold Summary                                            ;
+------------------------------------------------------+-------+---------------+
; Clock                                                ; Slack ; End Point TNS ;
+------------------------------------------------------+-------+---------------+
; pll_inst|altpll_component|auto_generated|pll1|clk[0] ; 0.167 ; 0.000         ;
+------------------------------------------------------+-------+---------------+


-----------------------------------------
; Fast 1200mV 0C Model Recovery Summary ;
-----------------------------------------
No paths to report.


----------------------------------------
; Fast 1200mV 0C Model Removal Summary ;
----------------------------------------
No paths to report.


+------------------------------------------------------------------------------+
; Fast 1200mV 0C Model Minimum Pulse Width Summary                             ;
+------------------------------------------------------+-------+---------------+
; Clock                                                ; Slack ; End Point TNS ;
+------------------------------------------------------+-------+---------------+
; pll_inst|altpll_component|auto_generated|pll1|clk[0] ; 3.353 ; 0.000         ;
; CLOCK_50                                             ; 9.406 ; 0.000         ;
+------------------------------------------------------+-------+---------------+


+----------------------------------------------------------------------------------------------------------------------------------------------------------------------------------------------------+
; Fast 1200mV 0C Model Setup: 'pll_inst|altpll_component|auto_generated|pll1|clk[0]'                                                                                                                 ;
+-------+------------------+------------------+------------------------------------------------------+------------------------------------------------------+--------------+------------+------------+
; Slack ; From Node        ; To Node          ; Launch Clock                                         ; Latch Clock                                          ; Relationship ; Clock Skew ; Data Delay ;
+-------+------------------+------------------+------------------------------------------------------+------------------------------------------------------+--------------+------------+------------+
; 4.825 ; tick_counter[18] ; tick_counter[14] ; pll_inst|altpll_component|auto_generated|pll1|clk[0] ; pll_inst|altpll_component|auto_generated|pll1|clk[0] ; 7.142        ; -0.035     ; 2.269      ;
; 4.825 ; tick_counter[18] ; tick_counter[11] ; pll_inst|altpll_component|auto_generated|pll1|clk[0] ; pll_inst|altpll_component|auto_generated|pll1|clk[0] ; 7.142        ; -0.035     ; 2.269      ;
; 4.827 ; tick_counter[18] ; tick_counter[10] ; pll_inst|altpll_component|auto_generated|pll1|clk[0] ; pll_inst|altpll_component|auto_generated|pll1|clk[0] ; 7.142        ; -0.035     ; 2.267      ;
; 4.846 ; tick_counter[18] ; tick_counter[8]  ; pll_inst|altpll_component|auto_generated|pll1|clk[0] ; pll_inst|altpll_component|auto_generated|pll1|clk[0] ; 7.142        ; -0.035     ; 2.248      ;
; 4.880 ; tick_counter[7]  ; tick_counter[14] ; pll_inst|altpll_component|auto_generated|pll1|clk[0] ; pll_inst|altpll_component|auto_generated|pll1|clk[0] ; 7.142        ; -0.032     ; 2.217      ;
; 4.880 ; tick_counter[7]  ; tick_counter[11] ; pll_inst|altpll_component|auto_generated|pll1|clk[0] ; pll_inst|altpll_component|auto_generated|pll1|clk[0] ; 7.142        ; -0.032     ; 2.217      ;
; 4.882 ; tick_counter[7]  ; tick_counter[10] ; pll_inst|altpll_component|auto_generated|pll1|clk[0] ; pll_inst|altpll_component|auto_generated|pll1|clk[0] ; 7.142        ; -0.032     ; 2.215      ;
; 4.883 ; tick_counter[12] ; tick_counter[14] ; pll_inst|altpll_component|auto_generated|pll1|clk[0] ; pll_inst|altpll_component|auto_generated|pll1|clk[0] ; 7.142        ; -0.032     ; 2.214      ;
; 4.883 ; tick_counter[12] ; tick_counter[11] ; pll_inst|altpll_component|auto_generated|pll1|clk[0] ; pll_inst|altpll_component|auto_generated|pll1|clk[0] ; 7.142        ; -0.032     ; 2.214      ;
; 4.885 ; tick_counter[12] ; tick_counter[10] ; pll_inst|altpll_component|auto_generated|pll1|clk[0] ; pll_inst|altpll_component|auto_generated|pll1|clk[0] ; 7.142        ; -0.032     ; 2.212      ;
; 4.900 ; tick_counter[17] ; tick_counter[14] ; pll_inst|altpll_component|auto_generated|pll1|clk[0] ; pll_inst|altpll_component|auto_generated|pll1|clk[0] ; 7.142        ; -0.035     ; 2.194      ;
; 4.900 ; tick_counter[17] ; tick_counter[11] ; pll_inst|altpll_component|auto_generated|pll1|clk[0] ; pll_inst|altpll_component|auto_generated|pll1|clk[0] ; 7.142        ; -0.035     ; 2.194      ;
; 4.901 ; tick_counter[7]  ; tick_counter[8]  ; pll_inst|altpll_component|auto_generated|pll1|clk[0] ; pll_inst|altpll_component|auto_generated|pll1|clk[0] ; 7.142        ; -0.032     ; 2.196      ;
; 4.902 ; tick_counter[17] ; tick_counter[10] ; pll_inst|altpll_component|auto_generated|pll1|clk[0] ; pll_inst|altpll_component|auto_generated|pll1|clk[0] ; 7.142        ; -0.035     ; 2.192      ;
; 4.904 ; tick_counter[12] ; tick_counter[8]  ; pll_inst|altpll_component|auto_generated|pll1|clk[0] ; pll_inst|altpll_component|auto_generated|pll1|clk[0] ; 7.142        ; -0.032     ; 2.193      ;
; 4.909 ; tick_counter[21] ; tick_counter[14] ; pll_inst|altpll_component|auto_generated|pll1|clk[0] ; pll_inst|altpll_component|auto_generated|pll1|clk[0] ; 7.142        ; -0.035     ; 2.185      ;
; 4.909 ; tick_counter[21] ; tick_counter[11] ; pll_inst|altpll_component|auto_generated|pll1|clk[0] ; pll_inst|altpll_component|auto_generated|pll1|clk[0] ; 7.142        ; -0.035     ; 2.185      ;
; 4.911 ; tick_counter[21] ; tick_counter[10] ; pll_inst|altpll_component|auto_generated|pll1|clk[0] ; pll_inst|altpll_component|auto_generated|pll1|clk[0] ; 7.142        ; -0.035     ; 2.183      ;
; 4.921 ; tick_counter[17] ; tick_counter[8]  ; pll_inst|altpll_component|auto_generated|pll1|clk[0] ; pll_inst|altpll_component|auto_generated|pll1|clk[0] ; 7.142        ; -0.035     ; 2.173      ;
; 4.928 ; tick_counter[25] ; tick_counter[14] ; pll_inst|altpll_component|auto_generated|pll1|clk[0] ; pll_inst|altpll_component|auto_generated|pll1|clk[0] ; 7.142        ; -0.035     ; 2.166      ;
; 4.928 ; tick_counter[25] ; tick_counter[11] ; pll_inst|altpll_component|auto_generated|pll1|clk[0] ; pll_inst|altpll_component|auto_generated|pll1|clk[0] ; 7.142        ; -0.035     ; 2.166      ;
; 4.930 ; tick_counter[25] ; tick_counter[10] ; pll_inst|altpll_component|auto_generated|pll1|clk[0] ; pll_inst|altpll_component|auto_generated|pll1|clk[0] ; 7.142        ; -0.035     ; 2.164      ;
; 4.930 ; tick_counter[21] ; tick_counter[8]  ; pll_inst|altpll_component|auto_generated|pll1|clk[0] ; pll_inst|altpll_component|auto_generated|pll1|clk[0] ; 7.142        ; -0.035     ; 2.164      ;
; 4.938 ; tick_counter[18] ; tick_counter[16] ; pll_inst|altpll_component|auto_generated|pll1|clk[0] ; pll_inst|altpll_component|auto_generated|pll1|clk[0] ; 7.142        ; -0.035     ; 2.156      ;
; 4.939 ; tick_counter[20] ; tick_counter[14] ; pll_inst|altpll_component|auto_generated|pll1|clk[0] ; pll_inst|altpll_component|auto_generated|pll1|clk[0] ; 7.142        ; -0.035     ; 2.155      ;
; 4.939 ; tick_counter[20] ; tick_counter[11] ; pll_inst|altpll_component|auto_generated|pll1|clk[0] ; pll_inst|altpll_component|auto_generated|pll1|clk[0] ; 7.142        ; -0.035     ; 2.155      ;
; 4.940 ; tick_counter[18] ; tick_counter[22] ; pll_inst|altpll_component|auto_generated|pll1|clk[0] ; pll_inst|altpll_component|auto_generated|pll1|clk[0] ; 7.142        ; -0.035     ; 2.154      ;
; 4.941 ; tick_counter[20] ; tick_counter[10] ; pll_inst|altpll_component|auto_generated|pll1|clk[0] ; pll_inst|altpll_component|auto_generated|pll1|clk[0] ; 7.142        ; -0.035     ; 2.153      ;
; 4.949 ; tick_counter[25] ; tick_counter[8]  ; pll_inst|altpll_component|auto_generated|pll1|clk[0] ; pll_inst|altpll_component|auto_generated|pll1|clk[0] ; 7.142        ; -0.035     ; 2.145      ;
; 4.957 ; tick_counter[15] ; tick_counter[14] ; pll_inst|altpll_component|auto_generated|pll1|clk[0] ; pll_inst|altpll_component|auto_generated|pll1|clk[0] ; 7.142        ; -0.035     ; 2.137      ;
; 4.957 ; tick_counter[15] ; tick_counter[11] ; pll_inst|altpll_component|auto_generated|pll1|clk[0] ; pll_inst|altpll_component|auto_generated|pll1|clk[0] ; 7.142        ; -0.035     ; 2.137      ;
; 4.959 ; tick_counter[15] ; tick_counter[10] ; pll_inst|altpll_component|auto_generated|pll1|clk[0] ; pll_inst|altpll_component|auto_generated|pll1|clk[0] ; 7.142        ; -0.035     ; 2.135      ;
; 4.960 ; tick_counter[20] ; tick_counter[8]  ; pll_inst|altpll_component|auto_generated|pll1|clk[0] ; pll_inst|altpll_component|auto_generated|pll1|clk[0] ; 7.142        ; -0.035     ; 2.134      ;
; 4.970 ; tick_counter[19] ; tick_counter[14] ; pll_inst|altpll_component|auto_generated|pll1|clk[0] ; pll_inst|altpll_component|auto_generated|pll1|clk[0] ; 7.142        ; -0.035     ; 2.124      ;
; 4.970 ; tick_counter[19] ; tick_counter[11] ; pll_inst|altpll_component|auto_generated|pll1|clk[0] ; pll_inst|altpll_component|auto_generated|pll1|clk[0] ; 7.142        ; -0.035     ; 2.124      ;
; 4.971 ; tick_counter[13] ; tick_counter[14] ; pll_inst|altpll_component|auto_generated|pll1|clk[0] ; pll_inst|altpll_component|auto_generated|pll1|clk[0] ; 7.142        ; -0.035     ; 2.123      ;
; 4.971 ; tick_counter[13] ; tick_counter[11] ; pll_inst|altpll_component|auto_generated|pll1|clk[0] ; pll_inst|altpll_component|auto_generated|pll1|clk[0] ; 7.142        ; -0.035     ; 2.123      ;
; 4.972 ; tick_counter[19] ; tick_counter[10] ; pll_inst|altpll_component|auto_generated|pll1|clk[0] ; pll_inst|altpll_component|auto_generated|pll1|clk[0] ; 7.142        ; -0.035     ; 2.122      ;
; 4.973 ; tick_counter[13] ; tick_counter[10] ; pll_inst|altpll_component|auto_generated|pll1|clk[0] ; pll_inst|altpll_component|auto_generated|pll1|clk[0] ; 7.142        ; -0.035     ; 2.121      ;
; 4.978 ; tick_counter[15] ; tick_counter[8]  ; pll_inst|altpll_component|auto_generated|pll1|clk[0] ; pll_inst|altpll_component|auto_generated|pll1|clk[0] ; 7.142        ; -0.035     ; 2.116      ;
; 4.982 ; tick_counter[1]  ; tick_counter[22] ; pll_inst|altpll_component|auto_generated|pll1|clk[0] ; pll_inst|altpll_component|auto_generated|pll1|clk[0] ; 7.142        ; -0.032     ; 2.115      ;
; 4.991 ; tick_counter[19] ; tick_counter[8]  ; pll_inst|altpll_component|auto_generated|pll1|clk[0] ; pll_inst|altpll_component|auto_generated|pll1|clk[0] ; 7.142        ; -0.035     ; 2.103      ;
; 4.992 ; tick_counter[13] ; tick_counter[8]  ; pll_inst|altpll_component|auto_generated|pll1|clk[0] ; pll_inst|altpll_component|auto_generated|pll1|clk[0] ; 7.142        ; -0.035     ; 2.102      ;
; 4.993 ; tick_counter[7]  ; tick_counter[16] ; pll_inst|altpll_component|auto_generated|pll1|clk[0] ; pll_inst|altpll_component|auto_generated|pll1|clk[0] ; 7.142        ; -0.032     ; 2.104      ;
; 4.995 ; tick_counter[7]  ; tick_counter[22] ; pll_inst|altpll_component|auto_generated|pll1|clk[0] ; pll_inst|altpll_component|auto_generated|pll1|clk[0] ; 7.142        ; -0.032     ; 2.102      ;
; 4.996 ; tick_counter[12] ; tick_counter[16] ; pll_inst|altpll_component|auto_generated|pll1|clk[0] ; pll_inst|altpll_component|auto_generated|pll1|clk[0] ; 7.142        ; -0.032     ; 2.101      ;
; 4.998 ; tick_counter[12] ; tick_counter[22] ; pll_inst|altpll_component|auto_generated|pll1|clk[0] ; pll_inst|altpll_component|auto_generated|pll1|clk[0] ; 7.142        ; -0.032     ; 2.099      ;
; 5.000 ; tick_counter[18] ; tick_counter[23] ; pll_inst|altpll_component|auto_generated|pll1|clk[0] ; pll_inst|altpll_component|auto_generated|pll1|clk[0] ; 7.142        ; -0.036     ; 2.093      ;
; 5.001 ; tick_counter[18] ; tick_counter[24] ; pll_inst|altpll_component|auto_generated|pll1|clk[0] ; pll_inst|altpll_component|auto_generated|pll1|clk[0] ; 7.142        ; -0.036     ; 2.092      ;
; 5.002 ; tick_counter[18] ; tick_counter[25] ; pll_inst|altpll_component|auto_generated|pll1|clk[0] ; pll_inst|altpll_component|auto_generated|pll1|clk[0] ; 7.142        ; -0.036     ; 2.091      ;
; 5.013 ; tick_counter[17] ; tick_counter[16] ; pll_inst|altpll_component|auto_generated|pll1|clk[0] ; pll_inst|altpll_component|auto_generated|pll1|clk[0] ; 7.142        ; -0.035     ; 2.081      ;
; 5.014 ; tick_counter[6]  ; tick_counter[14] ; pll_inst|altpll_component|auto_generated|pll1|clk[0] ; pll_inst|altpll_component|auto_generated|pll1|clk[0] ; 7.142        ; -0.032     ; 2.083      ;
; 5.014 ; tick_counter[6]  ; tick_counter[11] ; pll_inst|altpll_component|auto_generated|pll1|clk[0] ; pll_inst|altpll_component|auto_generated|pll1|clk[0] ; 7.142        ; -0.032     ; 2.083      ;
; 5.015 ; tick_counter[17] ; tick_counter[22] ; pll_inst|altpll_component|auto_generated|pll1|clk[0] ; pll_inst|altpll_component|auto_generated|pll1|clk[0] ; 7.142        ; -0.035     ; 2.079      ;
; 5.016 ; tick_counter[6]  ; tick_counter[10] ; pll_inst|altpll_component|auto_generated|pll1|clk[0] ; pll_inst|altpll_component|auto_generated|pll1|clk[0] ; 7.142        ; -0.032     ; 2.081      ;
; 5.022 ; tick_counter[21] ; tick_counter[16] ; pll_inst|altpll_component|auto_generated|pll1|clk[0] ; pll_inst|altpll_component|auto_generated|pll1|clk[0] ; 7.142        ; -0.035     ; 2.072      ;
; 5.024 ; tick_counter[21] ; tick_counter[22] ; pll_inst|altpll_component|auto_generated|pll1|clk[0] ; pll_inst|altpll_component|auto_generated|pll1|clk[0] ; 7.142        ; -0.035     ; 2.070      ;
; 5.031 ; tick_counter[0]  ; tick_counter[22] ; pll_inst|altpll_component|auto_generated|pll1|clk[0] ; pll_inst|altpll_component|auto_generated|pll1|clk[0] ; 7.142        ; -0.032     ; 2.066      ;
; 5.035 ; tick_counter[6]  ; tick_counter[8]  ; pll_inst|altpll_component|auto_generated|pll1|clk[0] ; pll_inst|altpll_component|auto_generated|pll1|clk[0] ; 7.142        ; -0.032     ; 2.062      ;
; 5.036 ; tick_counter[8]  ; tick_counter[22] ; pll_inst|altpll_component|auto_generated|pll1|clk[0] ; pll_inst|altpll_component|auto_generated|pll1|clk[0] ; 7.142        ; -0.036     ; 2.057      ;
; 5.041 ; tick_counter[25] ; tick_counter[16] ; pll_inst|altpll_component|auto_generated|pll1|clk[0] ; pll_inst|altpll_component|auto_generated|pll1|clk[0] ; 7.142        ; -0.035     ; 2.053      ;
; 5.043 ; tick_counter[25] ; tick_counter[22] ; pll_inst|altpll_component|auto_generated|pll1|clk[0] ; pll_inst|altpll_component|auto_generated|pll1|clk[0] ; 7.142        ; -0.035     ; 2.051      ;
; 5.052 ; tick_counter[20] ; tick_counter[16] ; pll_inst|altpll_component|auto_generated|pll1|clk[0] ; pll_inst|altpll_component|auto_generated|pll1|clk[0] ; 7.142        ; -0.035     ; 2.042      ;
; 5.053 ; tick_counter[3]  ; tick_counter[22] ; pll_inst|altpll_component|auto_generated|pll1|clk[0] ; pll_inst|altpll_component|auto_generated|pll1|clk[0] ; 7.142        ; -0.032     ; 2.044      ;
; 5.054 ; tick_counter[20] ; tick_counter[22] ; pll_inst|altpll_component|auto_generated|pll1|clk[0] ; pll_inst|altpll_component|auto_generated|pll1|clk[0] ; 7.142        ; -0.035     ; 2.040      ;
; 5.055 ; tick_counter[7]  ; tick_counter[23] ; pll_inst|altpll_component|auto_generated|pll1|clk[0] ; pll_inst|altpll_component|auto_generated|pll1|clk[0] ; 7.142        ; -0.033     ; 2.041      ;
; 5.056 ; tick_counter[7]  ; tick_counter[24] ; pll_inst|altpll_component|auto_generated|pll1|clk[0] ; pll_inst|altpll_component|auto_generated|pll1|clk[0] ; 7.142        ; -0.033     ; 2.040      ;
; 5.057 ; tick_counter[7]  ; tick_counter[25] ; pll_inst|altpll_component|auto_generated|pll1|clk[0] ; pll_inst|altpll_component|auto_generated|pll1|clk[0] ; 7.142        ; -0.033     ; 2.039      ;
; 5.058 ; tick_counter[12] ; tick_counter[23] ; pll_inst|altpll_component|auto_generated|pll1|clk[0] ; pll_inst|altpll_component|auto_generated|pll1|clk[0] ; 7.142        ; -0.033     ; 2.038      ;
; 5.059 ; tick_counter[12] ; tick_counter[24] ; pll_inst|altpll_component|auto_generated|pll1|clk[0] ; pll_inst|altpll_component|auto_generated|pll1|clk[0] ; 7.142        ; -0.033     ; 2.037      ;
; 5.060 ; tick_counter[11] ; tick_counter[22] ; pll_inst|altpll_component|auto_generated|pll1|clk[0] ; pll_inst|altpll_component|auto_generated|pll1|clk[0] ; 7.142        ; -0.036     ; 2.033      ;
; 5.060 ; tick_counter[12] ; tick_counter[25] ; pll_inst|altpll_component|auto_generated|pll1|clk[0] ; pll_inst|altpll_component|auto_generated|pll1|clk[0] ; 7.142        ; -0.033     ; 2.036      ;
; 5.070 ; tick_counter[15] ; tick_counter[16] ; pll_inst|altpll_component|auto_generated|pll1|clk[0] ; pll_inst|altpll_component|auto_generated|pll1|clk[0] ; 7.142        ; -0.035     ; 2.024      ;
; 5.072 ; tick_counter[15] ; tick_counter[22] ; pll_inst|altpll_component|auto_generated|pll1|clk[0] ; pll_inst|altpll_component|auto_generated|pll1|clk[0] ; 7.142        ; -0.035     ; 2.022      ;
; 5.075 ; tick_counter[17] ; tick_counter[23] ; pll_inst|altpll_component|auto_generated|pll1|clk[0] ; pll_inst|altpll_component|auto_generated|pll1|clk[0] ; 7.142        ; -0.036     ; 2.018      ;
; 5.076 ; tick_counter[17] ; tick_counter[24] ; pll_inst|altpll_component|auto_generated|pll1|clk[0] ; pll_inst|altpll_component|auto_generated|pll1|clk[0] ; 7.142        ; -0.036     ; 2.017      ;
; 5.077 ; tick_counter[17] ; tick_counter[25] ; pll_inst|altpll_component|auto_generated|pll1|clk[0] ; pll_inst|altpll_component|auto_generated|pll1|clk[0] ; 7.142        ; -0.036     ; 2.016      ;
; 5.083 ; tick_counter[19] ; tick_counter[16] ; pll_inst|altpll_component|auto_generated|pll1|clk[0] ; pll_inst|altpll_component|auto_generated|pll1|clk[0] ; 7.142        ; -0.035     ; 2.011      ;
; 5.084 ; tick_counter[13] ; tick_counter[16] ; pll_inst|altpll_component|auto_generated|pll1|clk[0] ; pll_inst|altpll_component|auto_generated|pll1|clk[0] ; 7.142        ; -0.035     ; 2.010      ;
; 5.084 ; tick_counter[21] ; tick_counter[23] ; pll_inst|altpll_component|auto_generated|pll1|clk[0] ; pll_inst|altpll_component|auto_generated|pll1|clk[0] ; 7.142        ; -0.036     ; 2.009      ;
; 5.085 ; tick_counter[19] ; tick_counter[22] ; pll_inst|altpll_component|auto_generated|pll1|clk[0] ; pll_inst|altpll_component|auto_generated|pll1|clk[0] ; 7.142        ; -0.035     ; 2.009      ;
; 5.085 ; tick_counter[21] ; tick_counter[24] ; pll_inst|altpll_component|auto_generated|pll1|clk[0] ; pll_inst|altpll_component|auto_generated|pll1|clk[0] ; 7.142        ; -0.036     ; 2.008      ;
; 5.086 ; tick_counter[13] ; tick_counter[22] ; pll_inst|altpll_component|auto_generated|pll1|clk[0] ; pll_inst|altpll_component|auto_generated|pll1|clk[0] ; 7.142        ; -0.035     ; 2.008      ;
; 5.086 ; tick_counter[21] ; tick_counter[25] ; pll_inst|altpll_component|auto_generated|pll1|clk[0] ; pll_inst|altpll_component|auto_generated|pll1|clk[0] ; 7.142        ; -0.036     ; 2.007      ;
; 5.089 ; tick_counter[3]  ; tick_counter[14] ; pll_inst|altpll_component|auto_generated|pll1|clk[0] ; pll_inst|altpll_component|auto_generated|pll1|clk[0] ; 7.142        ; -0.032     ; 2.008      ;
; 5.089 ; tick_counter[3]  ; tick_counter[11] ; pll_inst|altpll_component|auto_generated|pll1|clk[0] ; pll_inst|altpll_component|auto_generated|pll1|clk[0] ; 7.142        ; -0.032     ; 2.008      ;
; 5.091 ; tick_counter[3]  ; tick_counter[10] ; pll_inst|altpll_component|auto_generated|pll1|clk[0] ; pll_inst|altpll_component|auto_generated|pll1|clk[0] ; 7.142        ; -0.032     ; 2.006      ;
; 5.093 ; tick_counter[1]  ; tick_counter[16] ; pll_inst|altpll_component|auto_generated|pll1|clk[0] ; pll_inst|altpll_component|auto_generated|pll1|clk[0] ; 7.142        ; -0.032     ; 2.004      ;
; 5.098 ; tick_counter[2]  ; tick_counter[22] ; pll_inst|altpll_component|auto_generated|pll1|clk[0] ; pll_inst|altpll_component|auto_generated|pll1|clk[0] ; 7.142        ; -0.032     ; 1.999      ;
; 5.103 ; tick_counter[25] ; tick_counter[23] ; pll_inst|altpll_component|auto_generated|pll1|clk[0] ; pll_inst|altpll_component|auto_generated|pll1|clk[0] ; 7.142        ; -0.036     ; 1.990      ;
; 5.104 ; tick_counter[25] ; tick_counter[24] ; pll_inst|altpll_component|auto_generated|pll1|clk[0] ; pll_inst|altpll_component|auto_generated|pll1|clk[0] ; 7.142        ; -0.036     ; 1.989      ;
; 5.105 ; tick_counter[25] ; tick_counter[25] ; pll_inst|altpll_component|auto_generated|pll1|clk[0] ; pll_inst|altpll_component|auto_generated|pll1|clk[0] ; 7.142        ; -0.036     ; 1.988      ;
; 5.110 ; tick_counter[3]  ; tick_counter[8]  ; pll_inst|altpll_component|auto_generated|pll1|clk[0] ; pll_inst|altpll_component|auto_generated|pll1|clk[0] ; 7.142        ; -0.032     ; 1.987      ;
; 5.114 ; tick_counter[20] ; tick_counter[23] ; pll_inst|altpll_component|auto_generated|pll1|clk[0] ; pll_inst|altpll_component|auto_generated|pll1|clk[0] ; 7.142        ; -0.036     ; 1.979      ;
; 5.115 ; tick_counter[10] ; tick_counter[14] ; pll_inst|altpll_component|auto_generated|pll1|clk[0] ; pll_inst|altpll_component|auto_generated|pll1|clk[0] ; 7.142        ; -0.036     ; 1.978      ;
; 5.115 ; tick_counter[10] ; tick_counter[11] ; pll_inst|altpll_component|auto_generated|pll1|clk[0] ; pll_inst|altpll_component|auto_generated|pll1|clk[0] ; 7.142        ; -0.036     ; 1.978      ;
; 5.115 ; tick_counter[20] ; tick_counter[24] ; pll_inst|altpll_component|auto_generated|pll1|clk[0] ; pll_inst|altpll_component|auto_generated|pll1|clk[0] ; 7.142        ; -0.036     ; 1.978      ;
; 5.116 ; tick_counter[20] ; tick_counter[25] ; pll_inst|altpll_component|auto_generated|pll1|clk[0] ; pll_inst|altpll_component|auto_generated|pll1|clk[0] ; 7.142        ; -0.036     ; 1.977      ;
; 5.117 ; tick_counter[10] ; tick_counter[10] ; pll_inst|altpll_component|auto_generated|pll1|clk[0] ; pll_inst|altpll_component|auto_generated|pll1|clk[0] ; 7.142        ; -0.036     ; 1.976      ;
; 5.117 ; tick_counter[16] ; tick_counter[14] ; pll_inst|altpll_component|auto_generated|pll1|clk[0] ; pll_inst|altpll_component|auto_generated|pll1|clk[0] ; 7.142        ; -0.036     ; 1.976      ;
+-------+------------------+------------------+------------------------------------------------------+------------------------------------------------------+--------------+------------+------------+


+----------------------------------------------------------------------------------------------------------------------------------------------------------------------------------------------------------------------------------------------+
; Fast 1200mV 0C Model Hold: 'pll_inst|altpll_component|auto_generated|pll1|clk[0]'                                                                                                                                                            ;
+-------+---------------------------------------+---------------------------------------+------------------------------------------------------+------------------------------------------------------+--------------+------------+------------+
; Slack ; From Node                             ; To Node                               ; Launch Clock                                         ; Latch Clock                                          ; Relationship ; Clock Skew ; Data Delay ;
+-------+---------------------------------------+---------------------------------------+------------------------------------------------------+------------------------------------------------------+--------------+------------+------------+
; 0.167 ; morse_fsm:morse_fsm_inst|state_idx[2] ; morse_fsm:morse_fsm_inst|state_idx[2] ; pll_inst|altpll_component|auto_generated|pll1|clk[0] ; pll_inst|altpll_component|auto_generated|pll1|clk[0] ; 0.000        ; 0.036      ; 0.307      ;
; 0.284 ; tick_counter[3]                       ; tick_counter[3]                       ; pll_inst|altpll_component|auto_generated|pll1|clk[0] ; pll_inst|altpll_component|auto_generated|pll1|clk[0] ; 0.000        ; 0.036      ; 0.424      ;
; 0.284 ; tick_counter[19]                      ; tick_counter[19]                      ; pll_inst|altpll_component|auto_generated|pll1|clk[0] ; pll_inst|altpll_component|auto_generated|pll1|clk[0] ; 0.000        ; 0.036      ; 0.424      ;
; 0.284 ; tick_counter[12]                      ; tick_counter[12]                      ; pll_inst|altpll_component|auto_generated|pll1|clk[0] ; pll_inst|altpll_component|auto_generated|pll1|clk[0] ; 0.000        ; 0.036      ; 0.424      ;
; 0.284 ; tick_counter[13]                      ; tick_counter[13]                      ; pll_inst|altpll_component|auto_generated|pll1|clk[0] ; pll_inst|altpll_component|auto_generated|pll1|clk[0] ; 0.000        ; 0.036      ; 0.424      ;
; 0.285 ; tick_counter[5]                       ; tick_counter[5]                       ; pll_inst|altpll_component|auto_generated|pll1|clk[0] ; pll_inst|altpll_component|auto_generated|pll1|clk[0] ; 0.000        ; 0.036      ; 0.425      ;
; 0.285 ; tick_counter[2]                       ; tick_counter[2]                       ; pll_inst|altpll_component|auto_generated|pll1|clk[0] ; pll_inst|altpll_component|auto_generated|pll1|clk[0] ; 0.000        ; 0.036      ; 0.425      ;
; 0.285 ; tick_counter[9]                       ; tick_counter[9]                       ; pll_inst|altpll_component|auto_generated|pll1|clk[0] ; pll_inst|altpll_component|auto_generated|pll1|clk[0] ; 0.000        ; 0.036      ; 0.425      ;
; 0.285 ; tick_counter[15]                      ; tick_counter[15]                      ; pll_inst|altpll_component|auto_generated|pll1|clk[0] ; pll_inst|altpll_component|auto_generated|pll1|clk[0] ; 0.000        ; 0.036      ; 0.425      ;
; 0.285 ; morse_fsm:morse_fsm_inst|state_idx[1] ; morse_fsm:morse_fsm_inst|state_idx[1] ; pll_inst|altpll_component|auto_generated|pll1|clk[0] ; pll_inst|altpll_component|auto_generated|pll1|clk[0] ; 0.000        ; 0.036      ; 0.425      ;
; 0.286 ; tick_counter[4]                       ; tick_counter[4]                       ; pll_inst|altpll_component|auto_generated|pll1|clk[0] ; pll_inst|altpll_component|auto_generated|pll1|clk[0] ; 0.000        ; 0.036      ; 0.426      ;
; 0.286 ; tick_counter[1]                       ; tick_counter[1]                       ; pll_inst|altpll_component|auto_generated|pll1|clk[0] ; pll_inst|altpll_component|auto_generated|pll1|clk[0] ; 0.000        ; 0.036      ; 0.426      ;
; 0.286 ; tick_counter[17]                      ; tick_counter[17]                      ; pll_inst|altpll_component|auto_generated|pll1|clk[0] ; pll_inst|altpll_component|auto_generated|pll1|clk[0] ; 0.000        ; 0.036      ; 0.426      ;
; 0.286 ; tick_counter[18]                      ; tick_counter[18]                      ; pll_inst|altpll_component|auto_generated|pll1|clk[0] ; pll_inst|altpll_component|auto_generated|pll1|clk[0] ; 0.000        ; 0.036      ; 0.426      ;
; 0.286 ; tick_counter[20]                      ; tick_counter[20]                      ; pll_inst|altpll_component|auto_generated|pll1|clk[0] ; pll_inst|altpll_component|auto_generated|pll1|clk[0] ; 0.000        ; 0.036      ; 0.426      ;
; 0.286 ; tick_counter[21]                      ; tick_counter[21]                      ; pll_inst|altpll_component|auto_generated|pll1|clk[0] ; pll_inst|altpll_component|auto_generated|pll1|clk[0] ; 0.000        ; 0.036      ; 0.426      ;
; 0.286 ; morse_fsm:morse_fsm_inst|state_idx[3] ; morse_fsm:morse_fsm_inst|state_idx[3] ; pll_inst|altpll_component|auto_generated|pll1|clk[0] ; pll_inst|altpll_component|auto_generated|pll1|clk[0] ; 0.000        ; 0.036      ; 0.426      ;
; 0.287 ; morse_fsm:morse_fsm_inst|state_idx[2] ; morse_fsm:morse_fsm_inst|state_idx[5] ; pll_inst|altpll_component|auto_generated|pll1|clk[0] ; pll_inst|altpll_component|auto_generated|pll1|clk[0] ; 0.000        ; 0.036      ; 0.427      ;
; 0.287 ; morse_fsm:morse_fsm_inst|state_idx[4] ; morse_fsm:morse_fsm_inst|state_idx[4] ; pll_inst|altpll_component|auto_generated|pll1|clk[0] ; pll_inst|altpll_component|auto_generated|pll1|clk[0] ; 0.000        ; 0.036      ; 0.427      ;
; 0.294 ; tick_counter[0]                       ; tick_counter[0]                       ; pll_inst|altpll_component|auto_generated|pll1|clk[0] ; pll_inst|altpll_component|auto_generated|pll1|clk[0] ; 0.000        ; 0.036      ; 0.434      ;
; 0.317 ; morse_fsm:morse_fsm_inst|state_idx[0] ; morse_fsm:morse_fsm_inst|state_idx[0] ; pll_inst|altpll_component|auto_generated|pll1|clk[0] ; pll_inst|altpll_component|auto_generated|pll1|clk[0] ; 0.000        ; 0.036      ; 0.457      ;
; 0.432 ; morse_fsm:morse_fsm_inst|state_idx[1] ; morse_fsm:morse_fsm_inst|state_idx[5] ; pll_inst|altpll_component|auto_generated|pll1|clk[0] ; pll_inst|altpll_component|auto_generated|pll1|clk[0] ; 0.000        ; 0.033      ; 0.569      ;
; 0.433 ; tick_counter[3]                       ; tick_counter[4]                       ; pll_inst|altpll_component|auto_generated|pll1|clk[0] ; pll_inst|altpll_component|auto_generated|pll1|clk[0] ; 0.000        ; 0.036      ; 0.573      ;
; 0.433 ; tick_counter[19]                      ; tick_counter[20]                      ; pll_inst|altpll_component|auto_generated|pll1|clk[0] ; pll_inst|altpll_component|auto_generated|pll1|clk[0] ; 0.000        ; 0.036      ; 0.573      ;
; 0.435 ; tick_counter[1]                       ; tick_counter[2]                       ; pll_inst|altpll_component|auto_generated|pll1|clk[0] ; pll_inst|altpll_component|auto_generated|pll1|clk[0] ; 0.000        ; 0.036      ; 0.575      ;
; 0.435 ; tick_counter[17]                      ; tick_counter[18]                      ; pll_inst|altpll_component|auto_generated|pll1|clk[0] ; pll_inst|altpll_component|auto_generated|pll1|clk[0] ; 0.000        ; 0.036      ; 0.575      ;
; 0.435 ; morse_fsm:morse_fsm_inst|state_idx[3] ; morse_fsm:morse_fsm_inst|state_idx[4] ; pll_inst|altpll_component|auto_generated|pll1|clk[0] ; pll_inst|altpll_component|auto_generated|pll1|clk[0] ; 0.000        ; 0.036      ; 0.575      ;
; 0.439 ; tick_counter[12]                      ; tick_counter[13]                      ; pll_inst|altpll_component|auto_generated|pll1|clk[0] ; pll_inst|altpll_component|auto_generated|pll1|clk[0] ; 0.000        ; 0.039      ; 0.582      ;
; 0.443 ; tick_counter[2]                       ; tick_counter[3]                       ; pll_inst|altpll_component|auto_generated|pll1|clk[0] ; pll_inst|altpll_component|auto_generated|pll1|clk[0] ; 0.000        ; 0.036      ; 0.583      ;
; 0.443 ; tick_counter[0]                       ; tick_counter[1]                       ; pll_inst|altpll_component|auto_generated|pll1|clk[0] ; pll_inst|altpll_component|auto_generated|pll1|clk[0] ; 0.000        ; 0.036      ; 0.583      ;
; 0.444 ; tick_counter[18]                      ; tick_counter[19]                      ; pll_inst|altpll_component|auto_generated|pll1|clk[0] ; pll_inst|altpll_component|auto_generated|pll1|clk[0] ; 0.000        ; 0.036      ; 0.584      ;
; 0.444 ; tick_counter[4]                       ; tick_counter[5]                       ; pll_inst|altpll_component|auto_generated|pll1|clk[0] ; pll_inst|altpll_component|auto_generated|pll1|clk[0] ; 0.000        ; 0.036      ; 0.584      ;
; 0.444 ; tick_counter[20]                      ; tick_counter[21]                      ; pll_inst|altpll_component|auto_generated|pll1|clk[0] ; pll_inst|altpll_component|auto_generated|pll1|clk[0] ; 0.000        ; 0.036      ; 0.584      ;
; 0.446 ; tick_counter[2]                       ; tick_counter[4]                       ; pll_inst|altpll_component|auto_generated|pll1|clk[0] ; pll_inst|altpll_component|auto_generated|pll1|clk[0] ; 0.000        ; 0.036      ; 0.586      ;
; 0.446 ; tick_counter[0]                       ; tick_counter[2]                       ; pll_inst|altpll_component|auto_generated|pll1|clk[0] ; pll_inst|altpll_component|auto_generated|pll1|clk[0] ; 0.000        ; 0.036      ; 0.586      ;
; 0.447 ; tick_counter[18]                      ; tick_counter[20]                      ; pll_inst|altpll_component|auto_generated|pll1|clk[0] ; pll_inst|altpll_component|auto_generated|pll1|clk[0] ; 0.000        ; 0.036      ; 0.587      ;
; 0.464 ; morse_fsm:morse_fsm_inst|state_idx[0] ; morse_fsm:morse_fsm_inst|state_idx[1] ; pll_inst|altpll_component|auto_generated|pll1|clk[0] ; pll_inst|altpll_component|auto_generated|pll1|clk[0] ; 0.000        ; 0.036      ; 0.604      ;
; 0.495 ; morse_fsm:morse_fsm_inst|state_idx[1] ; morse_fsm:morse_fsm_inst|state_idx[2] ; pll_inst|altpll_component|auto_generated|pll1|clk[0] ; pll_inst|altpll_component|auto_generated|pll1|clk[0] ; 0.000        ; 0.033      ; 0.632      ;
; 0.496 ; tick_counter[13]                      ; tick_counter[15]                      ; pll_inst|altpll_component|auto_generated|pll1|clk[0] ; pll_inst|altpll_component|auto_generated|pll1|clk[0] ; 0.000        ; 0.036      ; 0.636      ;
; 0.496 ; tick_counter[3]                       ; tick_counter[5]                       ; pll_inst|altpll_component|auto_generated|pll1|clk[0] ; pll_inst|altpll_component|auto_generated|pll1|clk[0] ; 0.000        ; 0.036      ; 0.636      ;
; 0.496 ; tick_counter[19]                      ; tick_counter[21]                      ; pll_inst|altpll_component|auto_generated|pll1|clk[0] ; pll_inst|altpll_component|auto_generated|pll1|clk[0] ; 0.000        ; 0.036      ; 0.636      ;
; 0.497 ; tick_counter[15]                      ; tick_counter[17]                      ; pll_inst|altpll_component|auto_generated|pll1|clk[0] ; pll_inst|altpll_component|auto_generated|pll1|clk[0] ; 0.000        ; 0.036      ; 0.637      ;
; 0.497 ; morse_fsm:morse_fsm_inst|state_idx[1] ; morse_fsm:morse_fsm_inst|state_idx[3] ; pll_inst|altpll_component|auto_generated|pll1|clk[0] ; pll_inst|altpll_component|auto_generated|pll1|clk[0] ; 0.000        ; 0.036      ; 0.637      ;
; 0.498 ; tick_counter[24]                      ; tick_counter[24]                      ; pll_inst|altpll_component|auto_generated|pll1|clk[0] ; pll_inst|altpll_component|auto_generated|pll1|clk[0] ; 0.000        ; 0.036      ; 0.638      ;
; 0.498 ; tick_counter[1]                       ; tick_counter[3]                       ; pll_inst|altpll_component|auto_generated|pll1|clk[0] ; pll_inst|altpll_component|auto_generated|pll1|clk[0] ; 0.000        ; 0.036      ; 0.638      ;
; 0.498 ; tick_counter[17]                      ; tick_counter[19]                      ; pll_inst|altpll_component|auto_generated|pll1|clk[0] ; pll_inst|altpll_component|auto_generated|pll1|clk[0] ; 0.000        ; 0.036      ; 0.638      ;
; 0.500 ; tick_counter[9]                       ; tick_counter[12]                      ; pll_inst|altpll_component|auto_generated|pll1|clk[0] ; pll_inst|altpll_component|auto_generated|pll1|clk[0] ; 0.000        ; 0.036      ; 0.640      ;
; 0.500 ; tick_counter[7]                       ; tick_counter[9]                       ; pll_inst|altpll_component|auto_generated|pll1|clk[0] ; pll_inst|altpll_component|auto_generated|pll1|clk[0] ; 0.000        ; 0.036      ; 0.640      ;
; 0.500 ; tick_counter[15]                      ; tick_counter[18]                      ; pll_inst|altpll_component|auto_generated|pll1|clk[0] ; pll_inst|altpll_component|auto_generated|pll1|clk[0] ; 0.000        ; 0.036      ; 0.640      ;
; 0.500 ; morse_fsm:morse_fsm_inst|state_idx[1] ; morse_fsm:morse_fsm_inst|state_idx[4] ; pll_inst|altpll_component|auto_generated|pll1|clk[0] ; pll_inst|altpll_component|auto_generated|pll1|clk[0] ; 0.000        ; 0.036      ; 0.640      ;
; 0.501 ; tick_counter[1]                       ; tick_counter[4]                       ; pll_inst|altpll_component|auto_generated|pll1|clk[0] ; pll_inst|altpll_component|auto_generated|pll1|clk[0] ; 0.000        ; 0.036      ; 0.641      ;
; 0.501 ; tick_counter[17]                      ; tick_counter[20]                      ; pll_inst|altpll_component|auto_generated|pll1|clk[0] ; pll_inst|altpll_component|auto_generated|pll1|clk[0] ; 0.000        ; 0.036      ; 0.641      ;
; 0.505 ; tick_counter[12]                      ; tick_counter[15]                      ; pll_inst|altpll_component|auto_generated|pll1|clk[0] ; pll_inst|altpll_component|auto_generated|pll1|clk[0] ; 0.000        ; 0.039      ; 0.648      ;
; 0.509 ; tick_counter[2]                       ; tick_counter[5]                       ; pll_inst|altpll_component|auto_generated|pll1|clk[0] ; pll_inst|altpll_component|auto_generated|pll1|clk[0] ; 0.000        ; 0.036      ; 0.649      ;
; 0.509 ; tick_counter[0]                       ; tick_counter[3]                       ; pll_inst|altpll_component|auto_generated|pll1|clk[0] ; pll_inst|altpll_component|auto_generated|pll1|clk[0] ; 0.000        ; 0.036      ; 0.649      ;
; 0.510 ; tick_counter[18]                      ; tick_counter[21]                      ; pll_inst|altpll_component|auto_generated|pll1|clk[0] ; pll_inst|altpll_component|auto_generated|pll1|clk[0] ; 0.000        ; 0.036      ; 0.650      ;
; 0.512 ; tick_counter[6]                       ; tick_counter[9]                       ; pll_inst|altpll_component|auto_generated|pll1|clk[0] ; pll_inst|altpll_component|auto_generated|pll1|clk[0] ; 0.000        ; 0.036      ; 0.652      ;
; 0.512 ; tick_counter[0]                       ; tick_counter[4]                       ; pll_inst|altpll_component|auto_generated|pll1|clk[0] ; pll_inst|altpll_component|auto_generated|pll1|clk[0] ; 0.000        ; 0.036      ; 0.652      ;
; 0.530 ; morse_fsm:morse_fsm_inst|state_idx[0] ; morse_fsm:morse_fsm_inst|state_idx[3] ; pll_inst|altpll_component|auto_generated|pll1|clk[0] ; pll_inst|altpll_component|auto_generated|pll1|clk[0] ; 0.000        ; 0.036      ; 0.670      ;
; 0.533 ; morse_fsm:morse_fsm_inst|state_idx[0] ; morse_fsm:morse_fsm_inst|state_idx[4] ; pll_inst|altpll_component|auto_generated|pll1|clk[0] ; pll_inst|altpll_component|auto_generated|pll1|clk[0] ; 0.000        ; 0.036      ; 0.673      ;
; 0.558 ; tick_counter[25]                      ; tick_counter[25]                      ; pll_inst|altpll_component|auto_generated|pll1|clk[0] ; pll_inst|altpll_component|auto_generated|pll1|clk[0] ; 0.000        ; 0.036      ; 0.698      ;
; 0.559 ; tick_counter[23]                      ; tick_counter[23]                      ; pll_inst|altpll_component|auto_generated|pll1|clk[0] ; pll_inst|altpll_component|auto_generated|pll1|clk[0] ; 0.000        ; 0.036      ; 0.699      ;
; 0.560 ; tick_counter[9]                       ; tick_counter[13]                      ; pll_inst|altpll_component|auto_generated|pll1|clk[0] ; pll_inst|altpll_component|auto_generated|pll1|clk[0] ; 0.000        ; 0.039      ; 0.703      ;
; 0.562 ; tick_counter[13]                      ; tick_counter[17]                      ; pll_inst|altpll_component|auto_generated|pll1|clk[0] ; pll_inst|altpll_component|auto_generated|pll1|clk[0] ; 0.000        ; 0.036      ; 0.702      ;
; 0.563 ; tick_counter[15]                      ; tick_counter[19]                      ; pll_inst|altpll_component|auto_generated|pll1|clk[0] ; pll_inst|altpll_component|auto_generated|pll1|clk[0] ; 0.000        ; 0.036      ; 0.703      ;
; 0.563 ; tick_counter[5]                       ; tick_counter[9]                       ; pll_inst|altpll_component|auto_generated|pll1|clk[0] ; pll_inst|altpll_component|auto_generated|pll1|clk[0] ; 0.000        ; 0.036      ; 0.703      ;
; 0.564 ; tick_counter[6]                       ; tick_counter[6]                       ; pll_inst|altpll_component|auto_generated|pll1|clk[0] ; pll_inst|altpll_component|auto_generated|pll1|clk[0] ; 0.000        ; 0.036      ; 0.704      ;
; 0.564 ; tick_counter[7]                       ; tick_counter[7]                       ; pll_inst|altpll_component|auto_generated|pll1|clk[0] ; pll_inst|altpll_component|auto_generated|pll1|clk[0] ; 0.000        ; 0.036      ; 0.704      ;
; 0.564 ; tick_counter[1]                       ; tick_counter[5]                       ; pll_inst|altpll_component|auto_generated|pll1|clk[0] ; pll_inst|altpll_component|auto_generated|pll1|clk[0] ; 0.000        ; 0.036      ; 0.704      ;
; 0.564 ; tick_counter[17]                      ; tick_counter[21]                      ; pll_inst|altpll_component|auto_generated|pll1|clk[0] ; pll_inst|altpll_component|auto_generated|pll1|clk[0] ; 0.000        ; 0.036      ; 0.704      ;
; 0.565 ; tick_counter[13]                      ; tick_counter[18]                      ; pll_inst|altpll_component|auto_generated|pll1|clk[0] ; pll_inst|altpll_component|auto_generated|pll1|clk[0] ; 0.000        ; 0.036      ; 0.705      ;
; 0.566 ; tick_counter[15]                      ; tick_counter[20]                      ; pll_inst|altpll_component|auto_generated|pll1|clk[0] ; pll_inst|altpll_component|auto_generated|pll1|clk[0] ; 0.000        ; 0.036      ; 0.706      ;
; 0.568 ; morse_fsm:morse_fsm_inst|state_idx[5] ; morse_fsm:morse_fsm_inst|state_idx[5] ; pll_inst|altpll_component|auto_generated|pll1|clk[0] ; pll_inst|altpll_component|auto_generated|pll1|clk[0] ; 0.000        ; 0.036      ; 0.708      ;
; 0.569 ; tick_counter[7]                       ; tick_counter[12]                      ; pll_inst|altpll_component|auto_generated|pll1|clk[0] ; pll_inst|altpll_component|auto_generated|pll1|clk[0] ; 0.000        ; 0.036      ; 0.709      ;
; 0.571 ; tick_counter[12]                      ; tick_counter[17]                      ; pll_inst|altpll_component|auto_generated|pll1|clk[0] ; pll_inst|altpll_component|auto_generated|pll1|clk[0] ; 0.000        ; 0.039      ; 0.714      ;
; 0.574 ; tick_counter[12]                      ; tick_counter[18]                      ; pll_inst|altpll_component|auto_generated|pll1|clk[0] ; pll_inst|altpll_component|auto_generated|pll1|clk[0] ; 0.000        ; 0.039      ; 0.717      ;
; 0.575 ; tick_counter[0]                       ; tick_counter[5]                       ; pll_inst|altpll_component|auto_generated|pll1|clk[0] ; pll_inst|altpll_component|auto_generated|pll1|clk[0] ; 0.000        ; 0.036      ; 0.715      ;
; 0.576 ; tick_counter[4]                       ; tick_counter[9]                       ; pll_inst|altpll_component|auto_generated|pll1|clk[0] ; pll_inst|altpll_component|auto_generated|pll1|clk[0] ; 0.000        ; 0.036      ; 0.716      ;
; 0.578 ; morse_fsm:morse_fsm_inst|state_idx[5] ; morse_fsm:morse_fsm_inst|state_idx[2] ; pll_inst|altpll_component|auto_generated|pll1|clk[0] ; pll_inst|altpll_component|auto_generated|pll1|clk[0] ; 0.000        ; 0.036      ; 0.718      ;
; 0.581 ; tick_counter[6]                       ; tick_counter[12]                      ; pll_inst|altpll_component|auto_generated|pll1|clk[0] ; pll_inst|altpll_component|auto_generated|pll1|clk[0] ; 0.000        ; 0.036      ; 0.721      ;
; 0.616 ; morse_fsm:morse_fsm_inst|state_idx[2] ; morse_fsm:morse_fsm_inst|state_idx[3] ; pll_inst|altpll_component|auto_generated|pll1|clk[0] ; pll_inst|altpll_component|auto_generated|pll1|clk[0] ; 0.000        ; 0.039      ; 0.759      ;
; 0.619 ; morse_fsm:morse_fsm_inst|state_idx[2] ; morse_fsm:morse_fsm_inst|state_idx[4] ; pll_inst|altpll_component|auto_generated|pll1|clk[0] ; pll_inst|altpll_component|auto_generated|pll1|clk[0] ; 0.000        ; 0.039      ; 0.762      ;
; 0.626 ; tick_counter[9]                       ; tick_counter[15]                      ; pll_inst|altpll_component|auto_generated|pll1|clk[0] ; pll_inst|altpll_component|auto_generated|pll1|clk[0] ; 0.000        ; 0.039      ; 0.769      ;
; 0.628 ; tick_counter[13]                      ; tick_counter[19]                      ; pll_inst|altpll_component|auto_generated|pll1|clk[0] ; pll_inst|altpll_component|auto_generated|pll1|clk[0] ; 0.000        ; 0.036      ; 0.768      ;
; 0.628 ; tick_counter[3]                       ; tick_counter[9]                       ; pll_inst|altpll_component|auto_generated|pll1|clk[0] ; pll_inst|altpll_component|auto_generated|pll1|clk[0] ; 0.000        ; 0.036      ; 0.768      ;
; 0.629 ; tick_counter[7]                       ; tick_counter[13]                      ; pll_inst|altpll_component|auto_generated|pll1|clk[0] ; pll_inst|altpll_component|auto_generated|pll1|clk[0] ; 0.000        ; 0.039      ; 0.772      ;
; 0.629 ; tick_counter[15]                      ; tick_counter[21]                      ; pll_inst|altpll_component|auto_generated|pll1|clk[0] ; pll_inst|altpll_component|auto_generated|pll1|clk[0] ; 0.000        ; 0.036      ; 0.769      ;
; 0.631 ; tick_counter[13]                      ; tick_counter[20]                      ; pll_inst|altpll_component|auto_generated|pll1|clk[0] ; pll_inst|altpll_component|auto_generated|pll1|clk[0] ; 0.000        ; 0.036      ; 0.771      ;
; 0.632 ; tick_counter[5]                       ; tick_counter[12]                      ; pll_inst|altpll_component|auto_generated|pll1|clk[0] ; pll_inst|altpll_component|auto_generated|pll1|clk[0] ; 0.000        ; 0.036      ; 0.772      ;
; 0.637 ; tick_counter[12]                      ; tick_counter[19]                      ; pll_inst|altpll_component|auto_generated|pll1|clk[0] ; pll_inst|altpll_component|auto_generated|pll1|clk[0] ; 0.000        ; 0.039      ; 0.780      ;
; 0.640 ; tick_counter[12]                      ; tick_counter[20]                      ; pll_inst|altpll_component|auto_generated|pll1|clk[0] ; pll_inst|altpll_component|auto_generated|pll1|clk[0] ; 0.000        ; 0.039      ; 0.783      ;
; 0.641 ; tick_counter[2]                       ; tick_counter[9]                       ; pll_inst|altpll_component|auto_generated|pll1|clk[0] ; pll_inst|altpll_component|auto_generated|pll1|clk[0] ; 0.000        ; 0.036      ; 0.781      ;
; 0.641 ; tick_counter[6]                       ; tick_counter[13]                      ; pll_inst|altpll_component|auto_generated|pll1|clk[0] ; pll_inst|altpll_component|auto_generated|pll1|clk[0] ; 0.000        ; 0.039      ; 0.784      ;
; 0.645 ; tick_counter[23]                      ; tick_counter[24]                      ; pll_inst|altpll_component|auto_generated|pll1|clk[0] ; pll_inst|altpll_component|auto_generated|pll1|clk[0] ; 0.000        ; 0.036      ; 0.785      ;
; 0.645 ; tick_counter[4]                       ; tick_counter[12]                      ; pll_inst|altpll_component|auto_generated|pll1|clk[0] ; pll_inst|altpll_component|auto_generated|pll1|clk[0] ; 0.000        ; 0.036      ; 0.785      ;
; 0.650 ; morse_fsm:morse_fsm_inst|state_idx[0] ; morse_fsm:morse_fsm_inst|state_idx[5] ; pll_inst|altpll_component|auto_generated|pll1|clk[0] ; pll_inst|altpll_component|auto_generated|pll1|clk[0] ; 0.000        ; 0.033      ; 0.787      ;
; 0.653 ; tick_counter[14]                      ; tick_counter[15]                      ; pll_inst|altpll_component|auto_generated|pll1|clk[0] ; pll_inst|altpll_component|auto_generated|pll1|clk[0] ; 0.000        ; 0.035      ; 0.792      ;
; 0.660 ; morse_fsm:morse_fsm_inst|state_idx[0] ; morse_fsm:morse_fsm_inst|state_idx[2] ; pll_inst|altpll_component|auto_generated|pll1|clk[0] ; pll_inst|altpll_component|auto_generated|pll1|clk[0] ; 0.000        ; 0.033      ; 0.797      ;
; 0.664 ; tick_counter[16]                      ; tick_counter[17]                      ; pll_inst|altpll_component|auto_generated|pll1|clk[0] ; pll_inst|altpll_component|auto_generated|pll1|clk[0] ; 0.000        ; 0.035      ; 0.803      ;
; 0.667 ; tick_counter[16]                      ; tick_counter[18]                      ; pll_inst|altpll_component|auto_generated|pll1|clk[0] ; pll_inst|altpll_component|auto_generated|pll1|clk[0] ; 0.000        ; 0.035      ; 0.806      ;
+-------+---------------------------------------+---------------------------------------+------------------------------------------------------+------------------------------------------------------+--------------+------------+------------+


+-----------------------------------------------------------------------------------------------------------------------------------------------------------------------------------------------------------+
; Fast 1200mV 0C Model Minimum Pulse Width: 'pll_inst|altpll_component|auto_generated|pll1|clk[0]'                                                                                                          ;
+-------+--------------+----------------+------------------+------------------------------------------------------+------------+----------------------------------------------------------------------------+
; Slack ; Actual Width ; Required Width ; Type             ; Clock                                                ; Clock Edge ; Target                                                                     ;
+-------+--------------+----------------+------------------+------------------------------------------------------+------------+----------------------------------------------------------------------------+
; 3.353 ; 3.569        ; 0.216          ; High Pulse Width ; pll_inst|altpll_component|auto_generated|pll1|clk[0] ; Rise       ; morse_fsm:morse_fsm_inst|state_idx[0]                                      ;
; 3.353 ; 3.569        ; 0.216          ; High Pulse Width ; pll_inst|altpll_component|auto_generated|pll1|clk[0] ; Rise       ; morse_fsm:morse_fsm_inst|state_idx[1]                                      ;
; 3.353 ; 3.569        ; 0.216          ; High Pulse Width ; pll_inst|altpll_component|auto_generated|pll1|clk[0] ; Rise       ; morse_fsm:morse_fsm_inst|state_idx[2]                                      ;
; 3.353 ; 3.569        ; 0.216          ; High Pulse Width ; pll_inst|altpll_component|auto_generated|pll1|clk[0] ; Rise       ; morse_fsm:morse_fsm_inst|state_idx[3]                                      ;
; 3.353 ; 3.569        ; 0.216          ; High Pulse Width ; pll_inst|altpll_component|auto_generated|pll1|clk[0] ; Rise       ; morse_fsm:morse_fsm_inst|state_idx[4]                                      ;
; 3.353 ; 3.569        ; 0.216          ; High Pulse Width ; pll_inst|altpll_component|auto_generated|pll1|clk[0] ; Rise       ; morse_fsm:morse_fsm_inst|state_idx[5]                                      ;
; 3.353 ; 3.569        ; 0.216          ; High Pulse Width ; pll_inst|altpll_component|auto_generated|pll1|clk[0] ; Rise       ; tick_counter[10]                                                           ;
; 3.353 ; 3.569        ; 0.216          ; High Pulse Width ; pll_inst|altpll_component|auto_generated|pll1|clk[0] ; Rise       ; tick_counter[11]                                                           ;
; 3.353 ; 3.569        ; 0.216          ; High Pulse Width ; pll_inst|altpll_component|auto_generated|pll1|clk[0] ; Rise       ; tick_counter[13]                                                           ;
; 3.353 ; 3.569        ; 0.216          ; High Pulse Width ; pll_inst|altpll_component|auto_generated|pll1|clk[0] ; Rise       ; tick_counter[14]                                                           ;
; 3.353 ; 3.569        ; 0.216          ; High Pulse Width ; pll_inst|altpll_component|auto_generated|pll1|clk[0] ; Rise       ; tick_counter[15]                                                           ;
; 3.353 ; 3.569        ; 0.216          ; High Pulse Width ; pll_inst|altpll_component|auto_generated|pll1|clk[0] ; Rise       ; tick_counter[16]                                                           ;
; 3.353 ; 3.569        ; 0.216          ; High Pulse Width ; pll_inst|altpll_component|auto_generated|pll1|clk[0] ; Rise       ; tick_counter[17]                                                           ;
; 3.353 ; 3.569        ; 0.216          ; High Pulse Width ; pll_inst|altpll_component|auto_generated|pll1|clk[0] ; Rise       ; tick_counter[18]                                                           ;
; 3.353 ; 3.569        ; 0.216          ; High Pulse Width ; pll_inst|altpll_component|auto_generated|pll1|clk[0] ; Rise       ; tick_counter[19]                                                           ;
; 3.353 ; 3.569        ; 0.216          ; High Pulse Width ; pll_inst|altpll_component|auto_generated|pll1|clk[0] ; Rise       ; tick_counter[20]                                                           ;
; 3.353 ; 3.569        ; 0.216          ; High Pulse Width ; pll_inst|altpll_component|auto_generated|pll1|clk[0] ; Rise       ; tick_counter[21]                                                           ;
; 3.353 ; 3.569        ; 0.216          ; High Pulse Width ; pll_inst|altpll_component|auto_generated|pll1|clk[0] ; Rise       ; tick_counter[22]                                                           ;
; 3.353 ; 3.569        ; 0.216          ; High Pulse Width ; pll_inst|altpll_component|auto_generated|pll1|clk[0] ; Rise       ; tick_counter[23]                                                           ;
; 3.353 ; 3.569        ; 0.216          ; High Pulse Width ; pll_inst|altpll_component|auto_generated|pll1|clk[0] ; Rise       ; tick_counter[24]                                                           ;
; 3.353 ; 3.569        ; 0.216          ; High Pulse Width ; pll_inst|altpll_component|auto_generated|pll1|clk[0] ; Rise       ; tick_counter[25]                                                           ;
; 3.353 ; 3.569        ; 0.216          ; High Pulse Width ; pll_inst|altpll_component|auto_generated|pll1|clk[0] ; Rise       ; tick_counter[8]                                                            ;
; 3.355 ; 3.571        ; 0.216          ; High Pulse Width ; pll_inst|altpll_component|auto_generated|pll1|clk[0] ; Rise       ; tick                                                                       ;
; 3.355 ; 3.571        ; 0.216          ; High Pulse Width ; pll_inst|altpll_component|auto_generated|pll1|clk[0] ; Rise       ; tick_counter[0]                                                            ;
; 3.355 ; 3.571        ; 0.216          ; High Pulse Width ; pll_inst|altpll_component|auto_generated|pll1|clk[0] ; Rise       ; tick_counter[12]                                                           ;
; 3.355 ; 3.571        ; 0.216          ; High Pulse Width ; pll_inst|altpll_component|auto_generated|pll1|clk[0] ; Rise       ; tick_counter[1]                                                            ;
; 3.355 ; 3.571        ; 0.216          ; High Pulse Width ; pll_inst|altpll_component|auto_generated|pll1|clk[0] ; Rise       ; tick_counter[2]                                                            ;
; 3.355 ; 3.571        ; 0.216          ; High Pulse Width ; pll_inst|altpll_component|auto_generated|pll1|clk[0] ; Rise       ; tick_counter[3]                                                            ;
; 3.355 ; 3.571        ; 0.216          ; High Pulse Width ; pll_inst|altpll_component|auto_generated|pll1|clk[0] ; Rise       ; tick_counter[4]                                                            ;
; 3.355 ; 3.571        ; 0.216          ; High Pulse Width ; pll_inst|altpll_component|auto_generated|pll1|clk[0] ; Rise       ; tick_counter[5]                                                            ;
; 3.355 ; 3.571        ; 0.216          ; High Pulse Width ; pll_inst|altpll_component|auto_generated|pll1|clk[0] ; Rise       ; tick_counter[6]                                                            ;
; 3.355 ; 3.571        ; 0.216          ; High Pulse Width ; pll_inst|altpll_component|auto_generated|pll1|clk[0] ; Rise       ; tick_counter[7]                                                            ;
; 3.355 ; 3.571        ; 0.216          ; High Pulse Width ; pll_inst|altpll_component|auto_generated|pll1|clk[0] ; Rise       ; tick_counter[9]                                                            ;
; 3.386 ; 3.570        ; 0.184          ; Low Pulse Width  ; pll_inst|altpll_component|auto_generated|pll1|clk[0] ; Rise       ; tick                                                                       ;
; 3.386 ; 3.570        ; 0.184          ; Low Pulse Width  ; pll_inst|altpll_component|auto_generated|pll1|clk[0] ; Rise       ; tick_counter[0]                                                            ;
; 3.386 ; 3.570        ; 0.184          ; Low Pulse Width  ; pll_inst|altpll_component|auto_generated|pll1|clk[0] ; Rise       ; tick_counter[12]                                                           ;
; 3.386 ; 3.570        ; 0.184          ; Low Pulse Width  ; pll_inst|altpll_component|auto_generated|pll1|clk[0] ; Rise       ; tick_counter[1]                                                            ;
; 3.386 ; 3.570        ; 0.184          ; Low Pulse Width  ; pll_inst|altpll_component|auto_generated|pll1|clk[0] ; Rise       ; tick_counter[2]                                                            ;
; 3.386 ; 3.570        ; 0.184          ; Low Pulse Width  ; pll_inst|altpll_component|auto_generated|pll1|clk[0] ; Rise       ; tick_counter[3]                                                            ;
; 3.386 ; 3.570        ; 0.184          ; Low Pulse Width  ; pll_inst|altpll_component|auto_generated|pll1|clk[0] ; Rise       ; tick_counter[4]                                                            ;
; 3.386 ; 3.570        ; 0.184          ; Low Pulse Width  ; pll_inst|altpll_component|auto_generated|pll1|clk[0] ; Rise       ; tick_counter[5]                                                            ;
; 3.386 ; 3.570        ; 0.184          ; Low Pulse Width  ; pll_inst|altpll_component|auto_generated|pll1|clk[0] ; Rise       ; tick_counter[6]                                                            ;
; 3.386 ; 3.570        ; 0.184          ; Low Pulse Width  ; pll_inst|altpll_component|auto_generated|pll1|clk[0] ; Rise       ; tick_counter[7]                                                            ;
; 3.386 ; 3.570        ; 0.184          ; Low Pulse Width  ; pll_inst|altpll_component|auto_generated|pll1|clk[0] ; Rise       ; tick_counter[9]                                                            ;
; 3.387 ; 3.571        ; 0.184          ; Low Pulse Width  ; pll_inst|altpll_component|auto_generated|pll1|clk[0] ; Rise       ; morse_fsm:morse_fsm_inst|state_idx[2]                                      ;
; 3.387 ; 3.571        ; 0.184          ; Low Pulse Width  ; pll_inst|altpll_component|auto_generated|pll1|clk[0] ; Rise       ; morse_fsm:morse_fsm_inst|state_idx[5]                                      ;
; 3.387 ; 3.571        ; 0.184          ; Low Pulse Width  ; pll_inst|altpll_component|auto_generated|pll1|clk[0] ; Rise       ; tick_counter[10]                                                           ;
; 3.387 ; 3.571        ; 0.184          ; Low Pulse Width  ; pll_inst|altpll_component|auto_generated|pll1|clk[0] ; Rise       ; tick_counter[11]                                                           ;
; 3.387 ; 3.571        ; 0.184          ; Low Pulse Width  ; pll_inst|altpll_component|auto_generated|pll1|clk[0] ; Rise       ; tick_counter[13]                                                           ;
; 3.387 ; 3.571        ; 0.184          ; Low Pulse Width  ; pll_inst|altpll_component|auto_generated|pll1|clk[0] ; Rise       ; tick_counter[14]                                                           ;
; 3.387 ; 3.571        ; 0.184          ; Low Pulse Width  ; pll_inst|altpll_component|auto_generated|pll1|clk[0] ; Rise       ; tick_counter[15]                                                           ;
; 3.387 ; 3.571        ; 0.184          ; Low Pulse Width  ; pll_inst|altpll_component|auto_generated|pll1|clk[0] ; Rise       ; tick_counter[16]                                                           ;
; 3.387 ; 3.571        ; 0.184          ; Low Pulse Width  ; pll_inst|altpll_component|auto_generated|pll1|clk[0] ; Rise       ; tick_counter[17]                                                           ;
; 3.387 ; 3.571        ; 0.184          ; Low Pulse Width  ; pll_inst|altpll_component|auto_generated|pll1|clk[0] ; Rise       ; tick_counter[18]                                                           ;
; 3.387 ; 3.571        ; 0.184          ; Low Pulse Width  ; pll_inst|altpll_component|auto_generated|pll1|clk[0] ; Rise       ; tick_counter[19]                                                           ;
; 3.387 ; 3.571        ; 0.184          ; Low Pulse Width  ; pll_inst|altpll_component|auto_generated|pll1|clk[0] ; Rise       ; tick_counter[20]                                                           ;
; 3.387 ; 3.571        ; 0.184          ; Low Pulse Width  ; pll_inst|altpll_component|auto_generated|pll1|clk[0] ; Rise       ; tick_counter[21]                                                           ;
; 3.387 ; 3.571        ; 0.184          ; Low Pulse Width  ; pll_inst|altpll_component|auto_generated|pll1|clk[0] ; Rise       ; tick_counter[22]                                                           ;
; 3.387 ; 3.571        ; 0.184          ; Low Pulse Width  ; pll_inst|altpll_component|auto_generated|pll1|clk[0] ; Rise       ; tick_counter[23]                                                           ;
; 3.387 ; 3.571        ; 0.184          ; Low Pulse Width  ; pll_inst|altpll_component|auto_generated|pll1|clk[0] ; Rise       ; tick_counter[24]                                                           ;
; 3.387 ; 3.571        ; 0.184          ; Low Pulse Width  ; pll_inst|altpll_component|auto_generated|pll1|clk[0] ; Rise       ; tick_counter[25]                                                           ;
; 3.387 ; 3.571        ; 0.184          ; Low Pulse Width  ; pll_inst|altpll_component|auto_generated|pll1|clk[0] ; Rise       ; tick_counter[8]                                                            ;
; 3.388 ; 3.572        ; 0.184          ; Low Pulse Width  ; pll_inst|altpll_component|auto_generated|pll1|clk[0] ; Rise       ; morse_fsm:morse_fsm_inst|state_idx[0]                                      ;
; 3.388 ; 3.572        ; 0.184          ; Low Pulse Width  ; pll_inst|altpll_component|auto_generated|pll1|clk[0] ; Rise       ; morse_fsm:morse_fsm_inst|state_idx[1]                                      ;
; 3.388 ; 3.572        ; 0.184          ; Low Pulse Width  ; pll_inst|altpll_component|auto_generated|pll1|clk[0] ; Rise       ; morse_fsm:morse_fsm_inst|state_idx[3]                                      ;
; 3.388 ; 3.572        ; 0.184          ; Low Pulse Width  ; pll_inst|altpll_component|auto_generated|pll1|clk[0] ; Rise       ; morse_fsm:morse_fsm_inst|state_idx[4]                                      ;
; 3.565 ; 3.565        ; 0.000          ; Low Pulse Width  ; pll_inst|altpll_component|auto_generated|pll1|clk[0] ; Rise       ; tick_counter[0]|clk                                                        ;
; 3.565 ; 3.565        ; 0.000          ; Low Pulse Width  ; pll_inst|altpll_component|auto_generated|pll1|clk[0] ; Rise       ; tick_counter[12]|clk                                                       ;
; 3.565 ; 3.565        ; 0.000          ; Low Pulse Width  ; pll_inst|altpll_component|auto_generated|pll1|clk[0] ; Rise       ; tick_counter[1]|clk                                                        ;
; 3.565 ; 3.565        ; 0.000          ; Low Pulse Width  ; pll_inst|altpll_component|auto_generated|pll1|clk[0] ; Rise       ; tick_counter[2]|clk                                                        ;
; 3.565 ; 3.565        ; 0.000          ; Low Pulse Width  ; pll_inst|altpll_component|auto_generated|pll1|clk[0] ; Rise       ; tick_counter[3]|clk                                                        ;
; 3.565 ; 3.565        ; 0.000          ; Low Pulse Width  ; pll_inst|altpll_component|auto_generated|pll1|clk[0] ; Rise       ; tick_counter[4]|clk                                                        ;
; 3.565 ; 3.565        ; 0.000          ; Low Pulse Width  ; pll_inst|altpll_component|auto_generated|pll1|clk[0] ; Rise       ; tick_counter[5]|clk                                                        ;
; 3.565 ; 3.565        ; 0.000          ; Low Pulse Width  ; pll_inst|altpll_component|auto_generated|pll1|clk[0] ; Rise       ; tick_counter[6]|clk                                                        ;
; 3.565 ; 3.565        ; 0.000          ; Low Pulse Width  ; pll_inst|altpll_component|auto_generated|pll1|clk[0] ; Rise       ; tick_counter[7]|clk                                                        ;
; 3.565 ; 3.565        ; 0.000          ; Low Pulse Width  ; pll_inst|altpll_component|auto_generated|pll1|clk[0] ; Rise       ; tick_counter[9]|clk                                                        ;
; 3.565 ; 3.565        ; 0.000          ; Low Pulse Width  ; pll_inst|altpll_component|auto_generated|pll1|clk[0] ; Rise       ; tick|clk                                                                   ;
; 3.566 ; 3.566        ; 0.000          ; High Pulse Width ; pll_inst|altpll_component|auto_generated|pll1|clk[0] ; Rise       ; pll_inst|altpll_component|auto_generated|wire_pll1_clk[0]~clkctrl|inclk[0] ;
; 3.566 ; 3.566        ; 0.000          ; High Pulse Width ; pll_inst|altpll_component|auto_generated|pll1|clk[0] ; Rise       ; pll_inst|altpll_component|auto_generated|wire_pll1_clk[0]~clkctrl|outclk   ;
; 3.567 ; 3.567        ; 0.000          ; Low Pulse Width  ; pll_inst|altpll_component|auto_generated|pll1|clk[0] ; Rise       ; morse_fsm_inst|state_idx[0]|clk                                            ;
; 3.567 ; 3.567        ; 0.000          ; Low Pulse Width  ; pll_inst|altpll_component|auto_generated|pll1|clk[0] ; Rise       ; morse_fsm_inst|state_idx[1]|clk                                            ;
; 3.567 ; 3.567        ; 0.000          ; Low Pulse Width  ; pll_inst|altpll_component|auto_generated|pll1|clk[0] ; Rise       ; morse_fsm_inst|state_idx[2]|clk                                            ;
; 3.567 ; 3.567        ; 0.000          ; Low Pulse Width  ; pll_inst|altpll_component|auto_generated|pll1|clk[0] ; Rise       ; morse_fsm_inst|state_idx[3]|clk                                            ;
; 3.567 ; 3.567        ; 0.000          ; Low Pulse Width  ; pll_inst|altpll_component|auto_generated|pll1|clk[0] ; Rise       ; morse_fsm_inst|state_idx[4]|clk                                            ;
; 3.567 ; 3.567        ; 0.000          ; Low Pulse Width  ; pll_inst|altpll_component|auto_generated|pll1|clk[0] ; Rise       ; morse_fsm_inst|state_idx[5]|clk                                            ;
; 3.567 ; 3.567        ; 0.000          ; Low Pulse Width  ; pll_inst|altpll_component|auto_generated|pll1|clk[0] ; Rise       ; tick_counter[10]|clk                                                       ;
; 3.567 ; 3.567        ; 0.000          ; Low Pulse Width  ; pll_inst|altpll_component|auto_generated|pll1|clk[0] ; Rise       ; tick_counter[11]|clk                                                       ;
; 3.567 ; 3.567        ; 0.000          ; Low Pulse Width  ; pll_inst|altpll_component|auto_generated|pll1|clk[0] ; Rise       ; tick_counter[13]|clk                                                       ;
; 3.567 ; 3.567        ; 0.000          ; Low Pulse Width  ; pll_inst|altpll_component|auto_generated|pll1|clk[0] ; Rise       ; tick_counter[14]|clk                                                       ;
; 3.567 ; 3.567        ; 0.000          ; Low Pulse Width  ; pll_inst|altpll_component|auto_generated|pll1|clk[0] ; Rise       ; tick_counter[15]|clk                                                       ;
; 3.567 ; 3.567        ; 0.000          ; Low Pulse Width  ; pll_inst|altpll_component|auto_generated|pll1|clk[0] ; Rise       ; tick_counter[16]|clk                                                       ;
; 3.567 ; 3.567        ; 0.000          ; Low Pulse Width  ; pll_inst|altpll_component|auto_generated|pll1|clk[0] ; Rise       ; tick_counter[17]|clk                                                       ;
; 3.567 ; 3.567        ; 0.000          ; Low Pulse Width  ; pll_inst|altpll_component|auto_generated|pll1|clk[0] ; Rise       ; tick_counter[18]|clk                                                       ;
; 3.567 ; 3.567        ; 0.000          ; Low Pulse Width  ; pll_inst|altpll_component|auto_generated|pll1|clk[0] ; Rise       ; tick_counter[19]|clk                                                       ;
; 3.567 ; 3.567        ; 0.000          ; Low Pulse Width  ; pll_inst|altpll_component|auto_generated|pll1|clk[0] ; Rise       ; tick_counter[20]|clk                                                       ;
; 3.567 ; 3.567        ; 0.000          ; Low Pulse Width  ; pll_inst|altpll_component|auto_generated|pll1|clk[0] ; Rise       ; tick_counter[21]|clk                                                       ;
; 3.567 ; 3.567        ; 0.000          ; Low Pulse Width  ; pll_inst|altpll_component|auto_generated|pll1|clk[0] ; Rise       ; tick_counter[22]|clk                                                       ;
; 3.567 ; 3.567        ; 0.000          ; Low Pulse Width  ; pll_inst|altpll_component|auto_generated|pll1|clk[0] ; Rise       ; tick_counter[23]|clk                                                       ;
; 3.567 ; 3.567        ; 0.000          ; Low Pulse Width  ; pll_inst|altpll_component|auto_generated|pll1|clk[0] ; Rise       ; tick_counter[24]|clk                                                       ;
; 3.567 ; 3.567        ; 0.000          ; Low Pulse Width  ; pll_inst|altpll_component|auto_generated|pll1|clk[0] ; Rise       ; tick_counter[25]|clk                                                       ;
+-------+--------------+----------------+------------------+------------------------------------------------------+------------+----------------------------------------------------------------------------+


+----------------------------------------------------------------------------------------------------------------------------------------------------+
; Fast 1200mV 0C Model Minimum Pulse Width: 'CLOCK_50'                                                                                               ;
+--------+--------------+----------------+------------------+----------+------------+----------------------------------------------------------------+
; Slack  ; Actual Width ; Required Width ; Type             ; Clock    ; Clock Edge ; Target                                                         ;
+--------+--------------+----------------+------------------+----------+------------+----------------------------------------------------------------+
; 9.406  ; 9.406        ; 0.000          ; Low Pulse Width  ; CLOCK_50 ; Rise       ; pll_inst|altpll_component|auto_generated|pll1|clk[0]           ;
; 9.406  ; 9.406        ; 0.000          ; Low Pulse Width  ; CLOCK_50 ; Rise       ; pll_inst|altpll_component|auto_generated|pll1|observablevcoout ;
; 9.441  ; 9.441        ; 0.000          ; Low Pulse Width  ; CLOCK_50 ; Rise       ; CLOCK_50~input|o                                               ;
; 9.451  ; 9.451        ; 0.000          ; Low Pulse Width  ; CLOCK_50 ; Rise       ; pll_inst|altpll_component|auto_generated|pll1|inclk[0]         ;
; 10.000 ; 10.000       ; 0.000          ; High Pulse Width ; CLOCK_50 ; Rise       ; CLOCK_50~input|i                                               ;
; 10.000 ; 10.000       ; 0.000          ; Low Pulse Width  ; CLOCK_50 ; Rise       ; CLOCK_50~input|i                                               ;
; 10.549 ; 10.549       ; 0.000          ; High Pulse Width ; CLOCK_50 ; Rise       ; pll_inst|altpll_component|auto_generated|pll1|inclk[0]         ;
; 10.559 ; 10.559       ; 0.000          ; High Pulse Width ; CLOCK_50 ; Rise       ; CLOCK_50~input|o                                               ;
; 10.592 ; 10.592       ; 0.000          ; High Pulse Width ; CLOCK_50 ; Rise       ; pll_inst|altpll_component|auto_generated|pll1|clk[0]           ;
; 10.592 ; 10.592       ; 0.000          ; High Pulse Width ; CLOCK_50 ; Rise       ; pll_inst|altpll_component|auto_generated|pll1|observablevcoout ;
; 16.000 ; 20.000       ; 4.000          ; Port Rate        ; CLOCK_50 ; Rise       ; CLOCK_50                                                       ;
+--------+--------------+----------------+------------------+----------+------------+----------------------------------------------------------------+


+------------------------------------------------------------------------------------------------------------+
; Clock to Output Times                                                                                      ;
+-----------+------------+-------+-------+------------+------------------------------------------------------+
; Data Port ; Clock Port ; Rise  ; Fall  ; Clock Edge ; Clock Reference                                      ;
+-----------+------------+-------+-------+------------+------------------------------------------------------+
; LED[*]    ; CLOCK_50   ; 5.127 ; 5.106 ; Rise       ; pll_inst|altpll_component|auto_generated|pll1|clk[0] ;
;  LED[0]   ; CLOCK_50   ; 3.833 ; 3.794 ; Rise       ; pll_inst|altpll_component|auto_generated|pll1|clk[0] ;
;  LED[1]   ; CLOCK_50   ; 3.217 ; 3.102 ; Rise       ; pll_inst|altpll_component|auto_generated|pll1|clk[0] ;
;  LED[2]   ; CLOCK_50   ; 2.669 ; 2.751 ; Rise       ; pll_inst|altpll_component|auto_generated|pll1|clk[0] ;
;  LED[3]   ; CLOCK_50   ; 2.885 ; 2.803 ; Rise       ; pll_inst|altpll_component|auto_generated|pll1|clk[0] ;
;  LED[4]   ; CLOCK_50   ; 3.906 ; 4.122 ; Rise       ; pll_inst|altpll_component|auto_generated|pll1|clk[0] ;
;  LED[5]   ; CLOCK_50   ; 4.795 ; 4.816 ; Rise       ; pll_inst|altpll_component|auto_generated|pll1|clk[0] ;
;  LED[6]   ; CLOCK_50   ; 4.013 ; 4.270 ; Rise       ; pll_inst|altpll_component|auto_generated|pll1|clk[0] ;
;  LED[7]   ; CLOCK_50   ; 5.127 ; 5.106 ; Rise       ; pll_inst|altpll_component|auto_generated|pll1|clk[0] ;
+-----------+------------+-------+-------+------------+------------------------------------------------------+


+------------------------------------------------------------------------------------------------------------+
; Minimum Clock to Output Times                                                                              ;
+-----------+------------+-------+-------+------------+------------------------------------------------------+
; Data Port ; Clock Port ; Rise  ; Fall  ; Clock Edge ; Clock Reference                                      ;
+-----------+------------+-------+-------+------------+------------------------------------------------------+
; LED[*]    ; CLOCK_50   ; 2.342 ; 2.420 ; Rise       ; pll_inst|altpll_component|auto_generated|pll1|clk[0] ;
;  LED[0]   ; CLOCK_50   ; 2.452 ; 2.525 ; Rise       ; pll_inst|altpll_component|auto_generated|pll1|clk[0] ;
;  LED[1]   ; CLOCK_50   ; 2.866 ; 2.758 ; Rise       ; pll_inst|altpll_component|auto_generated|pll1|clk[0] ;
;  LED[2]   ; CLOCK_50   ; 2.342 ; 2.420 ; Rise       ; pll_inst|altpll_component|auto_generated|pll1|clk[0] ;
;  LED[3]   ; CLOCK_50   ; 2.547 ; 2.471 ; Rise       ; pll_inst|altpll_component|auto_generated|pll1|clk[0] ;
;  LED[4]   ; CLOCK_50   ; 3.534 ; 3.739 ; Rise       ; pll_inst|altpll_component|auto_generated|pll1|clk[0] ;
;  LED[5]   ; CLOCK_50   ; 4.434 ; 4.465 ; Rise       ; pll_inst|altpll_component|auto_generated|pll1|clk[0] ;
;  LED[6]   ; CLOCK_50   ; 3.633 ; 3.879 ; Rise       ; pll_inst|altpll_component|auto_generated|pll1|clk[0] ;
;  LED[7]   ; CLOCK_50   ; 4.753 ; 4.743 ; Rise       ; pll_inst|altpll_component|auto_generated|pll1|clk[0] ;
+-----------+------------+-------+-------+------------+------------------------------------------------------+


+----------------------------------------------------------+
; Propagation Delay                                        ;
+------------+-------------+-------+-------+-------+-------+
; Input Port ; Output Port ; RR    ; RF    ; FR    ; FF    ;
+------------+-------------+-------+-------+-------+-------+
; KEY[1]     ; LED[0]      ; 3.926 ; 3.967 ; 4.333 ; 4.354 ;
; KEY[1]     ; LED[1]      ; 4.166 ;       ;       ; 4.513 ;
; KEY[1]     ; LED[2]      ; 3.672 ;       ;       ; 4.102 ;
; KEY[1]     ; LED[3]      ; 3.834 ;       ;       ; 4.214 ;
; KEY[1]     ; LED[4]      ; 4.909 ;       ;       ; 5.473 ;
; KEY[1]     ; LED[5]      ; 5.744 ;       ;       ; 6.227 ;
; KEY[1]     ; LED[6]      ; 5.016 ;       ;       ; 5.621 ;
; KEY[1]     ; LED[7]      ; 6.076 ;       ;       ; 6.517 ;
+------------+-------------+-------+-------+-------+-------+


+----------------------------------------------------------+
; Minimum Propagation Delay                                ;
+------------+-------------+-------+-------+-------+-------+
; Input Port ; Output Port ; RR    ; RF    ; FR    ; FF    ;
+------------+-------------+-------+-------+-------+-------+
; KEY[1]     ; LED[0]      ; 3.780 ; 3.838 ; 4.214 ; 4.196 ;
; KEY[1]     ; LED[1]      ; 4.029 ;       ;       ; 4.385 ;
; KEY[1]     ; LED[2]      ; 3.556 ;       ;       ; 3.990 ;
; KEY[1]     ; LED[3]      ; 3.710 ;       ;       ; 4.098 ;
; KEY[1]     ; LED[4]      ; 4.748 ;       ;       ; 5.309 ;
; KEY[1]     ; LED[5]      ; 5.597 ;       ;       ; 6.092 ;
; KEY[1]     ; LED[6]      ; 4.847 ;       ;       ; 5.449 ;
; KEY[1]     ; LED[7]      ; 5.916 ;       ;       ; 6.370 ;
+------------+-------------+-------+-------+-------+-------+


---------------------------------------------
; Fast 1200mV 0C Model Metastability Report ;
---------------------------------------------
No synchronizer chains to report.


+------------------------------------------------------------------------------------------------------------------+
; Multicorner Timing Analysis Summary                                                                              ;
+-------------------------------------------------------+-------+-------+----------+---------+---------------------+
; Clock                                                 ; Setup ; Hold  ; Recovery ; Removal ; Minimum Pulse Width ;
+-------------------------------------------------------+-------+-------+----------+---------+---------------------+
; Worst-case Slack                                      ; 3.076 ; 0.167 ; N/A      ; N/A     ; 3.314               ;
;  CLOCK_50                                             ; N/A   ; N/A   ; N/A      ; N/A     ; 9.406               ;
;  pll_inst|altpll_component|auto_generated|pll1|clk[0] ; 3.076 ; 0.167 ; N/A      ; N/A     ; 3.314               ;
; Design-wide TNS                                       ; 0.0   ; 0.0   ; 0.0      ; 0.0     ; 0.0                 ;
;  CLOCK_50                                             ; N/A   ; N/A   ; N/A      ; N/A     ; 0.000               ;
;  pll_inst|altpll_component|auto_generated|pll1|clk[0] ; 0.000 ; 0.000 ; N/A      ; N/A     ; 0.000               ;
+-------------------------------------------------------+-------+-------+----------+---------+---------------------+


+------------------------------------------------------------------------------------------------------------+
; Clock to Output Times                                                                                      ;
+-----------+------------+-------+-------+------------+------------------------------------------------------+
; Data Port ; Clock Port ; Rise  ; Fall  ; Clock Edge ; Clock Reference                                      ;
+-----------+------------+-------+-------+------------+------------------------------------------------------+
; LED[*]    ; CLOCK_50   ; 8.054 ; 8.213 ; Rise       ; pll_inst|altpll_component|auto_generated|pll1|clk[0] ;
;  LED[0]   ; CLOCK_50   ; 6.553 ; 6.447 ; Rise       ; pll_inst|altpll_component|auto_generated|pll1|clk[0] ;
;  LED[1]   ; CLOCK_50   ; 5.336 ; 5.327 ; Rise       ; pll_inst|altpll_component|auto_generated|pll1|clk[0] ;
;  LED[2]   ; CLOCK_50   ; 4.604 ; 4.587 ; Rise       ; pll_inst|altpll_component|auto_generated|pll1|clk[0] ;
;  LED[3]   ; CLOCK_50   ; 4.801 ; 4.744 ; Rise       ; pll_inst|altpll_component|auto_generated|pll1|clk[0] ;
;  LED[4]   ; CLOCK_50   ; 6.666 ; 6.822 ; Rise       ; pll_inst|altpll_component|auto_generated|pll1|clk[0] ;
;  LED[5]   ; CLOCK_50   ; 7.516 ; 7.692 ; Rise       ; pll_inst|altpll_component|auto_generated|pll1|clk[0] ;
;  LED[6]   ; CLOCK_50   ; 6.858 ; 7.019 ; Rise       ; pll_inst|altpll_component|auto_generated|pll1|clk[0] ;
;  LED[7]   ; CLOCK_50   ; 8.054 ; 8.213 ; Rise       ; pll_inst|altpll_component|auto_generated|pll1|clk[0] ;
+-----------+------------+-------+-------+------------+------------------------------------------------------+


+------------------------------------------------------------------------------------------------------------+
; Minimum Clock to Output Times                                                                              ;
+-----------+------------+-------+-------+------------+------------------------------------------------------+
; Data Port ; Clock Port ; Rise  ; Fall  ; Clock Edge ; Clock Reference                                      ;
+-----------+------------+-------+-------+------------+------------------------------------------------------+
; LED[*]    ; CLOCK_50   ; 2.342 ; 2.420 ; Rise       ; pll_inst|altpll_component|auto_generated|pll1|clk[0] ;
;  LED[0]   ; CLOCK_50   ; 2.452 ; 2.525 ; Rise       ; pll_inst|altpll_component|auto_generated|pll1|clk[0] ;
;  LED[1]   ; CLOCK_50   ; 2.866 ; 2.758 ; Rise       ; pll_inst|altpll_component|auto_generated|pll1|clk[0] ;
;  LED[2]   ; CLOCK_50   ; 2.342 ; 2.420 ; Rise       ; pll_inst|altpll_component|auto_generated|pll1|clk[0] ;
;  LED[3]   ; CLOCK_50   ; 2.547 ; 2.471 ; Rise       ; pll_inst|altpll_component|auto_generated|pll1|clk[0] ;
;  LED[4]   ; CLOCK_50   ; 3.534 ; 3.739 ; Rise       ; pll_inst|altpll_component|auto_generated|pll1|clk[0] ;
;  LED[5]   ; CLOCK_50   ; 4.434 ; 4.465 ; Rise       ; pll_inst|altpll_component|auto_generated|pll1|clk[0] ;
;  LED[6]   ; CLOCK_50   ; 3.633 ; 3.879 ; Rise       ; pll_inst|altpll_component|auto_generated|pll1|clk[0] ;
;  LED[7]   ; CLOCK_50   ; 4.753 ; 4.743 ; Rise       ; pll_inst|altpll_component|auto_generated|pll1|clk[0] ;
+-----------+------------+-------+-------+------------+------------------------------------------------------+


+----------------------------------------------------------+
; Progagation Delay                                        ;
+------------+-------------+-------+-------+-------+-------+
; Input Port ; Output Port ; RR    ; RF    ; FR    ; FF    ;
+------------+-------------+-------+-------+-------+-------+
; KEY[1]     ; LED[0]      ; 6.493 ; 6.457 ; 6.652 ; 6.574 ;
; KEY[1]     ; LED[1]      ; 6.752 ;       ;       ; 6.993 ;
; KEY[1]     ; LED[2]      ; 6.118 ;       ;       ; 6.145 ;
; KEY[1]     ; LED[3]      ; 6.217 ;       ;       ; 6.410 ;
; KEY[1]     ; LED[4]      ; 8.180 ;       ;       ; 8.380 ;
; KEY[1]     ; LED[5]      ; 8.932 ;       ;       ; 9.358 ;
; KEY[1]     ; LED[6]      ; 8.372 ;       ;       ; 8.577 ;
; KEY[1]     ; LED[7]      ; 9.470 ;       ;       ; 9.879 ;
+------------+-------------+-------+-------+-------+-------+


+----------------------------------------------------------+
; Minimum Progagation Delay                                ;
+------------+-------------+-------+-------+-------+-------+
; Input Port ; Output Port ; RR    ; RF    ; FR    ; FF    ;
+------------+-------------+-------+-------+-------+-------+
; KEY[1]     ; LED[0]      ; 3.780 ; 3.838 ; 4.214 ; 4.196 ;
; KEY[1]     ; LED[1]      ; 4.029 ;       ;       ; 4.385 ;
; KEY[1]     ; LED[2]      ; 3.556 ;       ;       ; 3.990 ;
; KEY[1]     ; LED[3]      ; 3.710 ;       ;       ; 4.098 ;
; KEY[1]     ; LED[4]      ; 4.748 ;       ;       ; 5.309 ;
; KEY[1]     ; LED[5]      ; 5.597 ;       ;       ; 6.092 ;
; KEY[1]     ; LED[6]      ; 4.847 ;       ;       ; 5.449 ;
; KEY[1]     ; LED[7]      ; 5.916 ;       ;       ; 6.370 ;
+------------+-------------+-------+-------+-------+-------+


+------------------------------------------------------------------------------------------------------------------------------------------------------------------------------------------------------------------------------------------------------------------------------------------------------------------------------------------------------------------+
; Board Trace Model Assignments                                                                                                                                                                                                                                                                                                                                    ;
+---------------+--------------+-------------------+-------------------------+-------------------------+---------------+---------------------+----------------+------------------+--------+------------------+------------------------+------------------------+--------------+---------------+-----------------+-------+---------------------+--------------------+
; Pin           ; I/O Standard ; Near Tline Length ; Near Tline L per Length ; Near Tline C per Length ; Near Series R ; Near Differential R ; Near Pull-up R ; Near Pull-down R ; Near C ; Far Tline Length ; Far Tline L per Length ; Far Tline C per Length ; Far Series R ; Far Pull-up R ; Far Pull-down R ; Far C ; Termination Voltage ; Far Differential R ;
+---------------+--------------+-------------------+-------------------------+-------------------------+---------------+---------------------+----------------+------------------+--------+------------------+------------------------+------------------------+--------------+---------------+-----------------+-------+---------------------+--------------------+
; LED[0]        ; 3.3-V LVTTL  ; 0 in              ; 0 H/in                  ; 0 F/in                  ; short         ; -                   ; open           ; open             ; open   ; 0 in             ; 0 H/in                 ; 0 F/in                 ; short        ; open          ; open            ; open  ; 0 V                 ; -                  ;
; LED[1]        ; 3.3-V LVTTL  ; 0 in              ; 0 H/in                  ; 0 F/in                  ; short         ; -                   ; open           ; open             ; open   ; 0 in             ; 0 H/in                 ; 0 F/in                 ; short        ; open          ; open            ; open  ; 0 V                 ; -                  ;
; LED[2]        ; 3.3-V LVTTL  ; 0 in              ; 0 H/in                  ; 0 F/in                  ; short         ; -                   ; open           ; open             ; open   ; 0 in             ; 0 H/in                 ; 0 F/in                 ; short        ; open          ; open            ; open  ; 0 V                 ; -                  ;
; LED[3]        ; 3.3-V LVTTL  ; 0 in              ; 0 H/in                  ; 0 F/in                  ; short         ; -                   ; open           ; open             ; open   ; 0 in             ; 0 H/in                 ; 0 F/in                 ; short        ; open          ; open            ; open  ; 0 V                 ; -                  ;
; LED[4]        ; 3.3-V LVTTL  ; 0 in              ; 0 H/in                  ; 0 F/in                  ; short         ; -                   ; open           ; open             ; open   ; 0 in             ; 0 H/in                 ; 0 F/in                 ; short        ; open          ; open            ; open  ; 0 V                 ; -                  ;
; LED[5]        ; 3.3-V LVTTL  ; 0 in              ; 0 H/in                  ; 0 F/in                  ; short         ; -                   ; open           ; open             ; open   ; 0 in             ; 0 H/in                 ; 0 F/in                 ; short        ; open          ; open            ; open  ; 0 V                 ; -                  ;
; LED[6]        ; 3.3-V LVTTL  ; 0 in              ; 0 H/in                  ; 0 F/in                  ; short         ; -                   ; open           ; open             ; open   ; 0 in             ; 0 H/in                 ; 0 F/in                 ; short        ; open          ; open            ; open  ; 0 V                 ; -                  ;
; LED[7]        ; 3.3-V LVTTL  ; 0 in              ; 0 H/in                  ; 0 F/in                  ; short         ; -                   ; open           ; open             ; open   ; 0 in             ; 0 H/in                 ; 0 F/in                 ; short        ; open          ; open            ; open  ; 0 V                 ; -                  ;
; ~ALTERA_DCLK~ ; 3.3-V LVTTL  ; 0 in              ; 0 H/in                  ; 0 F/in                  ; short         ; -                   ; open           ; open             ; open   ; 0 in             ; 0 H/in                 ; 0 F/in                 ; short        ; open          ; open            ; open  ; 0 V                 ; -                  ;
; ~ALTERA_nCEO~ ; 2.5 V        ; 0 in              ; 0 H/in                  ; 0 F/in                  ; short         ; -                   ; open           ; open             ; open   ; 0 in             ; 0 H/in                 ; 0 F/in                 ; short        ; open          ; open            ; open  ; 0 V                 ; -                  ;
+---------------+--------------+-------------------+-------------------------+-------------------------+---------------+---------------------+----------------+------------------+--------+------------------+------------------------+------------------------+--------------+---------------+-----------------+-------+---------------------+--------------------+


+----------------------------------------------------------------------------+
; Input Transition Times                                                     ;
+-------------------------+--------------+-----------------+-----------------+
; Pin                     ; I/O Standard ; 10-90 Rise Time ; 90-10 Fall Time ;
+-------------------------+--------------+-----------------+-----------------+
; KEY[1]                  ; 3.3-V LVTTL  ; 2640 ps         ; 2640 ps         ;
; KEY[0]                  ; 3.3-V LVTTL  ; 2640 ps         ; 2640 ps         ;
; CLOCK_50                ; 3.3-V LVTTL  ; 2640 ps         ; 2640 ps         ;
; ~ALTERA_ASDO_DATA1~     ; 3.3-V LVTTL  ; 2640 ps         ; 2640 ps         ;
; ~ALTERA_FLASH_nCE_nCSO~ ; 3.3-V LVTTL  ; 2640 ps         ; 2640 ps         ;
; ~ALTERA_DATA0~          ; 3.3-V LVTTL  ; 2640 ps         ; 2640 ps         ;
+-------------------------+--------------+-----------------+-----------------+


+--------------------------------------------------------------------------------------------------------------------------------------------------------------------------------------------------------------------------------------------------------------------------------------------------------------------------------------------------------------------------------------------------------------------------------------------------------------------------------------------------------------------------------------------------------------------------------------------------------------------------------------------------------------------------------------------+
; Slow Corner Signal Integrity Metrics                                                                                                                                                                                                                                                                                                                                                                                                                                                                                                                                                                                                                                                       ;
+---------------+--------------+---------------------+---------------------+------------------------------+------------------------------+---------------------+---------------------+--------------------------------------+--------------------------------------+-----------------------------+-----------------------------+----------------------------+----------------------------+-----------------------------+-----------------------------+--------------------+--------------------+-------------------------------------+-------------------------------------+----------------------------+----------------------------+---------------------------+---------------------------+
; Pin           ; I/O Standard ; Board Delay on Rise ; Board Delay on Fall ; Steady State Voh at FPGA Pin ; Steady State Vol at FPGA Pin ; Voh Max at FPGA Pin ; Vol Min at FPGA Pin ; Ringback Voltage on Rise at FPGA Pin ; Ringback Voltage on Fall at FPGA Pin ; 10-90 Rise Time at FPGA Pin ; 90-10 Fall Time at FPGA Pin ; Monotonic Rise at FPGA Pin ; Monotonic Fall at FPGA Pin ; Steady State Voh at Far-end ; Steady State Vol at Far-end ; Voh Max at Far-end ; Vol Min at Far-end ; Ringback Voltage on Rise at Far-end ; Ringback Voltage on Fall at Far-end ; 10-90 Rise Time at Far-end ; 90-10 Fall Time at Far-end ; Monotonic Rise at Far-end ; Monotonic Fall at Far-end ;
+---------------+--------------+---------------------+---------------------+------------------------------+------------------------------+---------------------+---------------------+--------------------------------------+--------------------------------------+-----------------------------+-----------------------------+----------------------------+----------------------------+-----------------------------+-----------------------------+--------------------+--------------------+-------------------------------------+-------------------------------------+----------------------------+----------------------------+---------------------------+---------------------------+
; LED[0]        ; 3.3-V LVTTL  ; 0 s                 ; 0 s                 ; 3.08 V                       ; 2.97e-006 V                  ; 3.12 V              ; -0.0737 V           ; 0.21 V                               ; 0.17 V                               ; 6.66e-010 s                 ; 6.18e-010 s                 ; Yes                        ; No                         ; 3.08 V                      ; 2.97e-006 V                 ; 3.12 V             ; -0.0737 V          ; 0.21 V                              ; 0.17 V                              ; 6.66e-010 s                ; 6.18e-010 s                ; Yes                       ; No                        ;
; LED[1]        ; 3.3-V LVTTL  ; 0 s                 ; 0 s                 ; 3.08 V                       ; 2.97e-006 V                  ; 3.12 V              ; -0.0737 V           ; 0.21 V                               ; 0.17 V                               ; 6.66e-010 s                 ; 6.18e-010 s                 ; Yes                        ; No                         ; 3.08 V                      ; 2.97e-006 V                 ; 3.12 V             ; -0.0737 V          ; 0.21 V                              ; 0.17 V                              ; 6.66e-010 s                ; 6.18e-010 s                ; Yes                       ; No                        ;
; LED[2]        ; 3.3-V LVTTL  ; 0 s                 ; 0 s                 ; 3.08 V                       ; 2.97e-006 V                  ; 3.12 V              ; -0.0737 V           ; 0.21 V                               ; 0.17 V                               ; 6.66e-010 s                 ; 6.18e-010 s                 ; Yes                        ; No                         ; 3.08 V                      ; 2.97e-006 V                 ; 3.12 V             ; -0.0737 V          ; 0.21 V                              ; 0.17 V                              ; 6.66e-010 s                ; 6.18e-010 s                ; Yes                       ; No                        ;
; LED[3]        ; 3.3-V LVTTL  ; 0 s                 ; 0 s                 ; 3.08 V                       ; 2.97e-006 V                  ; 3.12 V              ; -0.0737 V           ; 0.21 V                               ; 0.17 V                               ; 6.66e-010 s                 ; 6.18e-010 s                 ; Yes                        ; No                         ; 3.08 V                      ; 2.97e-006 V                 ; 3.12 V             ; -0.0737 V          ; 0.21 V                              ; 0.17 V                              ; 6.66e-010 s                ; 6.18e-010 s                ; Yes                       ; No                        ;
; LED[4]        ; 3.3-V LVTTL  ; 0 s                 ; 0 s                 ; 3.08 V                       ; 1.99e-006 V                  ; 3.12 V              ; -0.0559 V           ; 0.277 V                              ; 0.183 V                              ; 9.16e-010 s                 ; 8.32e-010 s                 ; No                         ; No                         ; 3.08 V                      ; 1.99e-006 V                 ; 3.12 V             ; -0.0559 V          ; 0.277 V                             ; 0.183 V                             ; 9.16e-010 s                ; 8.32e-010 s                ; No                        ; No                        ;
; LED[5]        ; 3.3-V LVTTL  ; 0 s                 ; 0 s                 ; 3.08 V                       ; 1.99e-006 V                  ; 3.08 V              ; -0.00686 V          ; 0.298 V                              ; 0.274 V                              ; 5.29e-009 s                 ; 4.2e-009 s                  ; No                         ; No                         ; 3.08 V                      ; 1.99e-006 V                 ; 3.08 V             ; -0.00686 V         ; 0.298 V                             ; 0.274 V                             ; 5.29e-009 s                ; 4.2e-009 s                 ; No                        ; No                        ;
; LED[6]        ; 3.3-V LVTTL  ; 0 s                 ; 0 s                 ; 3.08 V                       ; 1.99e-006 V                  ; 3.13 V              ; -0.0792 V           ; 0.204 V                              ; 0.357 V                              ; 6.53e-010 s                 ; 4.91e-010 s                 ; No                         ; No                         ; 3.08 V                      ; 1.99e-006 V                 ; 3.13 V             ; -0.0792 V          ; 0.204 V                             ; 0.357 V                             ; 6.53e-010 s                ; 4.91e-010 s                ; No                        ; No                        ;
; LED[7]        ; 3.3-V LVTTL  ; 0 s                 ; 0 s                 ; 3.08 V                       ; 1.99e-006 V                  ; 3.08 V              ; -0.00686 V          ; 0.298 V                              ; 0.274 V                              ; 5.29e-009 s                 ; 4.2e-009 s                  ; No                         ; No                         ; 3.08 V                      ; 1.99e-006 V                 ; 3.08 V             ; -0.00686 V         ; 0.298 V                             ; 0.274 V                             ; 5.29e-009 s                ; 4.2e-009 s                 ; No                        ; No                        ;
; ~ALTERA_DCLK~ ; 3.3-V LVTTL  ; 0 s                 ; 0 s                 ; 3.08 V                       ; 1.02e-006 V                  ; 3.14 V              ; -0.116 V            ; 0.133 V                              ; 0.318 V                              ; 3.02e-010 s                 ; 2.85e-010 s                 ; Yes                        ; No                         ; 3.08 V                      ; 1.02e-006 V                 ; 3.14 V             ; -0.116 V           ; 0.133 V                             ; 0.318 V                             ; 3.02e-010 s                ; 2.85e-010 s                ; Yes                       ; No                        ;
; ~ALTERA_nCEO~ ; 2.5 V        ; 0 s                 ; 0 s                 ; 2.32 V                       ; 9.36e-007 V                  ; 2.35 V              ; -0.00575 V          ; 0.081 V                              ; 0.032 V                              ; 5.3e-010 s                  ; 7.56e-010 s                 ; Yes                        ; Yes                        ; 2.32 V                      ; 9.36e-007 V                 ; 2.35 V             ; -0.00575 V         ; 0.081 V                             ; 0.032 V                             ; 5.3e-010 s                 ; 7.56e-010 s                ; Yes                       ; Yes                       ;
+---------------+--------------+---------------------+---------------------+------------------------------+------------------------------+---------------------+---------------------+--------------------------------------+--------------------------------------+-----------------------------+-----------------------------+----------------------------+----------------------------+-----------------------------+-----------------------------+--------------------+--------------------+-------------------------------------+-------------------------------------+----------------------------+----------------------------+---------------------------+---------------------------+


+--------------------------------------------------------------------------------------------------------------------------------------------------------------------------------------------------------------------------------------------------------------------------------------------------------------------------------------------------------------------------------------------------------------------------------------------------------------------------------------------------------------------------------------------------------------------------------------------------------------------------------------------------------------------------------------------+
; Fast Corner Signal Integrity Metrics                                                                                                                                                                                                                                                                                                                                                                                                                                                                                                                                                                                                                                                       ;
+---------------+--------------+---------------------+---------------------+------------------------------+------------------------------+---------------------+---------------------+--------------------------------------+--------------------------------------+-----------------------------+-----------------------------+----------------------------+----------------------------+-----------------------------+-----------------------------+--------------------+--------------------+-------------------------------------+-------------------------------------+----------------------------+----------------------------+---------------------------+---------------------------+
; Pin           ; I/O Standard ; Board Delay on Rise ; Board Delay on Fall ; Steady State Voh at FPGA Pin ; Steady State Vol at FPGA Pin ; Voh Max at FPGA Pin ; Vol Min at FPGA Pin ; Ringback Voltage on Rise at FPGA Pin ; Ringback Voltage on Fall at FPGA Pin ; 10-90 Rise Time at FPGA Pin ; 90-10 Fall Time at FPGA Pin ; Monotonic Rise at FPGA Pin ; Monotonic Fall at FPGA Pin ; Steady State Voh at Far-end ; Steady State Vol at Far-end ; Voh Max at Far-end ; Vol Min at Far-end ; Ringback Voltage on Rise at Far-end ; Ringback Voltage on Fall at Far-end ; 10-90 Rise Time at Far-end ; 90-10 Fall Time at Far-end ; Monotonic Rise at Far-end ; Monotonic Fall at Far-end ;
+---------------+--------------+---------------------+---------------------+------------------------------+------------------------------+---------------------+---------------------+--------------------------------------+--------------------------------------+-----------------------------+-----------------------------+----------------------------+----------------------------+-----------------------------+-----------------------------+--------------------+--------------------+-------------------------------------+-------------------------------------+----------------------------+----------------------------+---------------------------+---------------------------+
; LED[0]        ; 3.3-V LVTTL  ; 0 s                 ; 0 s                 ; 3.46 V                       ; 1.83e-007 V                  ; 3.58 V              ; -0.143 V            ; 0.305 V                              ; 0.24 V                               ; 4.6e-010 s                  ; 4.2e-010 s                  ; No                         ; No                         ; 3.46 V                      ; 1.83e-007 V                 ; 3.58 V             ; -0.143 V           ; 0.305 V                             ; 0.24 V                              ; 4.6e-010 s                 ; 4.2e-010 s                 ; No                        ; No                        ;
; LED[1]        ; 3.3-V LVTTL  ; 0 s                 ; 0 s                 ; 3.46 V                       ; 1.83e-007 V                  ; 3.58 V              ; -0.143 V            ; 0.305 V                              ; 0.24 V                               ; 4.6e-010 s                  ; 4.2e-010 s                  ; No                         ; No                         ; 3.46 V                      ; 1.83e-007 V                 ; 3.58 V             ; -0.143 V           ; 0.305 V                             ; 0.24 V                              ; 4.6e-010 s                 ; 4.2e-010 s                 ; No                        ; No                        ;
; LED[2]        ; 3.3-V LVTTL  ; 0 s                 ; 0 s                 ; 3.46 V                       ; 1.83e-007 V                  ; 3.58 V              ; -0.143 V            ; 0.305 V                              ; 0.24 V                               ; 4.6e-010 s                  ; 4.2e-010 s                  ; No                         ; No                         ; 3.46 V                      ; 1.83e-007 V                 ; 3.58 V             ; -0.143 V           ; 0.305 V                             ; 0.24 V                              ; 4.6e-010 s                 ; 4.2e-010 s                 ; No                        ; No                        ;
; LED[3]        ; 3.3-V LVTTL  ; 0 s                 ; 0 s                 ; 3.46 V                       ; 1.83e-007 V                  ; 3.58 V              ; -0.143 V            ; 0.305 V                              ; 0.24 V                               ; 4.6e-010 s                  ; 4.2e-010 s                  ; No                         ; No                         ; 3.46 V                      ; 1.83e-007 V                 ; 3.58 V             ; -0.143 V           ; 0.305 V                             ; 0.24 V                              ; 4.6e-010 s                 ; 4.2e-010 s                 ; No                        ; No                        ;
; LED[4]        ; 3.3-V LVTTL  ; 0 s                 ; 0 s                 ; 3.46 V                       ; 1.24e-007 V                  ; 3.57 V              ; -0.0876 V           ; 0.318 V                              ; 0.176 V                              ; 6.78e-010 s                 ; 6.15e-010 s                 ; No                         ; No                         ; 3.46 V                      ; 1.24e-007 V                 ; 3.57 V             ; -0.0876 V          ; 0.318 V                             ; 0.176 V                             ; 6.78e-010 s                ; 6.15e-010 s                ; No                        ; No                        ;
; LED[5]        ; 3.3-V LVTTL  ; 0 s                 ; 0 s                 ; 3.46 V                       ; 1.24e-007 V                  ; 3.48 V              ; -0.0167 V           ; 0.353 V                              ; 0.313 V                              ; 3.88e-009 s                 ; 3.06e-009 s                 ; No                         ; No                         ; 3.46 V                      ; 1.24e-007 V                 ; 3.48 V             ; -0.0167 V          ; 0.353 V                             ; 0.313 V                             ; 3.88e-009 s                ; 3.06e-009 s                ; No                        ; No                        ;
; LED[6]        ; 3.3-V LVTTL  ; 0 s                 ; 0 s                 ; 3.46 V                       ; 1.24e-007 V                  ; 3.6 V               ; -0.128 V            ; 0.303 V                              ; 0.206 V                              ; 4.54e-010 s                 ; 4.1e-010 s                  ; No                         ; No                         ; 3.46 V                      ; 1.24e-007 V                 ; 3.6 V              ; -0.128 V           ; 0.303 V                             ; 0.206 V                             ; 4.54e-010 s                ; 4.1e-010 s                 ; No                        ; No                        ;
; LED[7]        ; 3.3-V LVTTL  ; 0 s                 ; 0 s                 ; 3.46 V                       ; 1.24e-007 V                  ; 3.48 V              ; -0.0167 V           ; 0.353 V                              ; 0.313 V                              ; 3.88e-009 s                 ; 3.06e-009 s                 ; No                         ; No                         ; 3.46 V                      ; 1.24e-007 V                 ; 3.48 V             ; -0.0167 V          ; 0.353 V                             ; 0.313 V                             ; 3.88e-009 s                ; 3.06e-009 s                ; No                        ; No                        ;
; ~ALTERA_DCLK~ ; 3.3-V LVTTL  ; 0 s                 ; 0 s                 ; 3.46 V                       ; 6.53e-008 V                  ; 3.65 V              ; -0.242 V            ; 0.406 V                              ; 0.304 V                              ; 1.57e-010 s                 ; 2.13e-010 s                 ; No                         ; Yes                        ; 3.46 V                      ; 6.53e-008 V                 ; 3.65 V             ; -0.242 V           ; 0.406 V                             ; 0.304 V                             ; 1.57e-010 s                ; 2.13e-010 s                ; No                        ; Yes                       ;
; ~ALTERA_nCEO~ ; 2.5 V        ; 0 s                 ; 0 s                 ; 2.62 V                       ; 3.52e-008 V                  ; 2.7 V               ; -0.012 V            ; 0.274 V                              ; 0.034 V                              ; 3.18e-010 s                 ; 4.96e-010 s                 ; No                         ; Yes                        ; 2.62 V                      ; 3.52e-008 V                 ; 2.7 V              ; -0.012 V           ; 0.274 V                             ; 0.034 V                             ; 3.18e-010 s                ; 4.96e-010 s                ; No                        ; Yes                       ;
+---------------+--------------+---------------------+---------------------+------------------------------+------------------------------+---------------------+---------------------+--------------------------------------+--------------------------------------+-----------------------------+-----------------------------+----------------------------+----------------------------+-----------------------------+-----------------------------+--------------------+--------------------+-------------------------------------+-------------------------------------+----------------------------+----------------------------+---------------------------+---------------------------+


+---------------------------------------------------------------------------------------------------------------------------------------------------------+
; Setup Transfers                                                                                                                                         ;
+------------------------------------------------------+------------------------------------------------------+----------+----------+----------+----------+
; From Clock                                           ; To Clock                                             ; RR Paths ; FR Paths ; RF Paths ; FF Paths ;
+------------------------------------------------------+------------------------------------------------------+----------+----------+----------+----------+
; pll_inst|altpll_component|auto_generated|pll1|clk[0] ; pll_inst|altpll_component|auto_generated|pll1|clk[0] ; 702      ; 0        ; 0        ; 0        ;
+------------------------------------------------------+------------------------------------------------------+----------+----------+----------+----------+
Entries labeled "false path" only account for clock-to-clock false paths and not path-based false paths. As a result, actual path counts may be lower than reported.


+---------------------------------------------------------------------------------------------------------------------------------------------------------+
; Hold Transfers                                                                                                                                          ;
+------------------------------------------------------+------------------------------------------------------+----------+----------+----------+----------+
; From Clock                                           ; To Clock                                             ; RR Paths ; FR Paths ; RF Paths ; FF Paths ;
+------------------------------------------------------+------------------------------------------------------+----------+----------+----------+----------+
; pll_inst|altpll_component|auto_generated|pll1|clk[0] ; pll_inst|altpll_component|auto_generated|pll1|clk[0] ; 702      ; 0        ; 0        ; 0        ;
+------------------------------------------------------+------------------------------------------------------+----------+----------+----------+----------+
Entries labeled "false path" only account for clock-to-clock false paths and not path-based false paths. As a result, actual path counts may be lower than reported.


---------------
; Report TCCS ;
---------------
No dedicated SERDES Transmitter circuitry present in device or used in design


---------------
; Report RSKM ;
---------------
No dedicated SERDES Receiver circuitry present in device or used in design


+------------------------------------------------+
; Unconstrained Paths                            ;
+---------------------------------+-------+------+
; Property                        ; Setup ; Hold ;
+---------------------------------+-------+------+
; Illegal Clocks                  ; 0     ; 0    ;
; Unconstrained Clocks            ; 0     ; 0    ;
; Unconstrained Input Ports       ; 2     ; 2    ;
; Unconstrained Input Port Paths  ; 41    ; 41   ;
; Unconstrained Output Ports      ; 8     ; 8    ;
; Unconstrained Output Port Paths ; 21    ; 21   ;
+---------------------------------+-------+------+


+------------------------------------+
; TimeQuest Timing Analyzer Messages ;
+------------------------------------+
Info: *******************************************************************
Info: Running Quartus II TimeQuest Timing Analyzer
    Info: Version 9.1 Build 350 03/24/2010 Service Pack 2 SJ Web Edition
    Info: Processing started: Sat May 30 16:30:45 2026
Info: Command: quartus_sta DE0_NANO -c DE0_NANO
Info: qsta_default_script.tcl version: #1
Warning: Ignored assignments for entity "DE0_NANO" -- entity does not exist in design
    Warning: Assignment for entity set_global_assignment -name LL_ROOT_REGION ON -entity DE0_NANO -section_id "Root Region" was ignored
    Warning: Assignment for entity set_global_assignment -name LL_MEMBER_STATE LOCKED -entity DE0_NANO -section_id "Root Region" was ignored
Info: high junction temperature operating condition is not set. Assuming a default value of '85'.
Info: low junction temperature operating condition is not set. Assuming a default value of '0'.
Info: Reading SDC File: 'DE0_NANO.SDC'
Info: Deriving PLL Clocks
    Info: create_generated_clock -source {pll_inst|altpll_component|auto_generated|pll1|inclk[0]} -divide_by 5 -multiply_by 14 -duty_cycle 50.00 -name {pll_inst|altpll_component|auto_generated|pll1|clk[0]} {pll_inst|altpll_component|auto_generated|pll1|clk[0]}
Info: Clock uncertainty calculation is delayed until the next update_timing_netlist call
Info: Deriving Clock Uncertainty
    Info: set_clock_uncertainty -rise_from [get_clocks {pll_inst|altpll_component|auto_generated|pll1|clk[0]}] -rise_to [get_clocks {pll_inst|altpll_component|auto_generated|pll1|clk[0]}] -setup 0.020
    Info: set_clock_uncertainty -rise_from [get_clocks {pll_inst|altpll_component|auto_generated|pll1|clk[0]}] -fall_to [get_clocks {pll_inst|altpll_component|auto_generated|pll1|clk[0]}] -setup 0.020
    Info: set_clock_uncertainty -fall_from [get_clocks {pll_inst|altpll_component|auto_generated|pll1|clk[0]}] -rise_to [get_clocks {pll_inst|altpll_component|auto_generated|pll1|clk[0]}] -setup 0.020
    Info: set_clock_uncertainty -fall_from [get_clocks {pll_inst|altpll_component|auto_generated|pll1|clk[0]}] -fall_to [get_clocks {pll_inst|altpll_component|auto_generated|pll1|clk[0]}] -setup 0.020
    Info: set_clock_uncertainty -rise_from [get_clocks {pll_inst|altpll_component|auto_generated|pll1|clk[0]}] -rise_to [get_clocks {pll_inst|altpll_component|auto_generated|pll1|clk[0]}] -hold 0.020
    Info: set_clock_uncertainty -rise_from [get_clocks {pll_inst|altpll_component|auto_generated|pll1|clk[0]}] -fall_to [get_clocks {pll_inst|altpll_component|auto_generated|pll1|clk[0]}] -hold 0.020
    Info: set_clock_uncertainty -fall_from [get_clocks {pll_inst|altpll_component|auto_generated|pll1|clk[0]}] -rise_to [get_clocks {pll_inst|altpll_component|auto_generated|pll1|clk[0]}] -hold 0.020
    Info: set_clock_uncertainty -fall_from [get_clocks {pll_inst|altpll_component|auto_generated|pll1|clk[0]}] -fall_to [get_clocks {pll_inst|altpll_component|auto_generated|pll1|clk[0]}] -hold 0.020
Info: Analyzing Slow 1200mV 85C Model
Info: Worst-case setup slack is 3.076
    Info:     Slack End Point TNS Clock 
    Info: ========= ============= =====================
    Info:     3.076         0.000 pll_inst|altpll_component|auto_generated|pll1|clk[0] 
Info: Worst-case hold slack is 0.339
    Info:     Slack End Point TNS Clock 
    Info: ========= ============= =====================
    Info:     0.339         0.000 pll_inst|altpll_component|auto_generated|pll1|clk[0] 
Info: No Recovery paths to report
Info: No Removal paths to report
Info: Worst-case minimum pulse width slack is 3.318
    Info:     Slack End Point TNS Clock 
    Info: ========= ============= =====================
    Info:     3.318         0.000 pll_inst|altpll_component|auto_generated|pll1|clk[0] 
    Info:     9.741         0.000 CLOCK_50 
Info: Analyzing Slow 1200mV 0C Model
Info: Started post-fitting delay annotation
Warning: Timing characteristics of device EP4CE22F17C6 are preliminary
Info: Delay annotation completed successfully
Info: Deriving Clock Uncertainty
    Info: set_clock_uncertainty -rise_from [get_clocks {pll_inst|altpll_component|auto_generated|pll1|clk[0]}] -rise_to [get_clocks {pll_inst|altpll_component|auto_generated|pll1|clk[0]}] -setup 0.020
    Info: set_clock_uncertainty -rise_from [get_clocks {pll_inst|altpll_component|auto_generated|pll1|clk[0]}] -fall_to [get_clocks {pll_inst|altpll_component|auto_generated|pll1|clk[0]}] -setup 0.020
    Info: set_clock_uncertainty -fall_from [get_clocks {pll_inst|altpll_component|auto_generated|pll1|clk[0]}] -rise_to [get_clocks {pll_inst|altpll_component|auto_generated|pll1|clk[0]}] -setup 0.020
    Info: set_clock_uncertainty -fall_from [get_clocks {pll_inst|altpll_component|auto_generated|pll1|clk[0]}] -fall_to [get_clocks {pll_inst|altpll_component|auto_generated|pll1|clk[0]}] -setup 0.020
    Info: set_clock_uncertainty -rise_from [get_clocks {pll_inst|altpll_component|auto_generated|pll1|clk[0]}] -rise_to [get_clocks {pll_inst|altpll_component|auto_generated|pll1|clk[0]}] -hold 0.020
    Info: set_clock_uncertainty -rise_from [get_clocks {pll_inst|altpll_component|auto_generated|pll1|clk[0]}] -fall_to [get_clocks {pll_inst|altpll_component|auto_generated|pll1|clk[0]}] -hold 0.020
    Info: set_clock_uncertainty -fall_from [get_clocks {pll_inst|altpll_component|auto_generated|pll1|clk[0]}] -rise_to [get_clocks {pll_inst|altpll_component|auto_generated|pll1|clk[0]}] -hold 0.020
    Info: set_clock_uncertainty -fall_from [get_clocks {pll_inst|altpll_component|auto_generated|pll1|clk[0]}] -fall_to [get_clocks {pll_inst|altpll_component|auto_generated|pll1|clk[0]}] -hold 0.020
Info: Worst-case setup slack is 3.456
    Info:     Slack End Point TNS Clock 
    Info: ========= ============= =====================
    Info:     3.456         0.000 pll_inst|altpll_component|auto_generated|pll1|clk[0] 
Info: Worst-case hold slack is 0.292
    Info:     Slack End Point TNS Clock 
    Info: ========= ============= =====================
    Info:     0.292         0.000 pll_inst|altpll_component|auto_generated|pll1|clk[0] 
Info: No Recovery paths to report
Info: No Removal paths to report
Info: Worst-case minimum pulse width slack is 3.314
    Info:     Slack End Point TNS Clock 
    Info: ========= ============= =====================
    Info:     3.314         0.000 pll_inst|altpll_component|auto_generated|pll1|clk[0] 
    Info:     9.699         0.000 CLOCK_50 
Info: Analyzing Fast 1200mV 0C Model
Info: Started post-fitting delay annotation
Warning: Timing characteristics of device EP4CE22F17C6 are preliminary
Info: Delay annotation completed successfully
Info: Deriving Clock Uncertainty
    Info: set_clock_uncertainty -rise_from [get_clocks {pll_inst|altpll_component|auto_generated|pll1|clk[0]}] -rise_to [get_clocks {pll_inst|altpll_component|auto_generated|pll1|clk[0]}] -setup 0.020
    Info: set_clock_uncertainty -rise_from [get_clocks {pll_inst|altpll_component|auto_generated|pll1|clk[0]}] -fall_to [get_clocks {pll_inst|altpll_component|auto_generated|pll1|clk[0]}] -setup 0.020
    Info: set_clock_uncertainty -fall_from [get_clocks {pll_inst|altpll_component|auto_generated|pll1|clk[0]}] -rise_to [get_clocks {pll_inst|altpll_component|auto_generated|pll1|clk[0]}] -setup 0.020
    Info: set_clock_uncertainty -fall_from [get_clocks {pll_inst|altpll_component|auto_generated|pll1|clk[0]}] -fall_to [get_clocks {pll_inst|altpll_component|auto_generated|pll1|clk[0]}] -setup 0.020
    Info: set_clock_uncertainty -rise_from [get_clocks {pll_inst|altpll_component|auto_generated|pll1|clk[0]}] -rise_to [get_clocks {pll_inst|altpll_component|auto_generated|pll1|clk[0]}] -hold 0.020
    Info: set_clock_uncertainty -rise_from [get_clocks {pll_inst|altpll_component|auto_generated|pll1|clk[0]}] -fall_to [get_clocks {pll_inst|altpll_component|auto_generated|pll1|clk[0]}] -hold 0.020
    Info: set_clock_uncertainty -fall_from [get_clocks {pll_inst|altpll_component|auto_generated|pll1|clk[0]}] -rise_to [get_clocks {pll_inst|altpll_component|auto_generated|pll1|clk[0]}] -hold 0.020
    Info: set_clock_uncertainty -fall_from [get_clocks {pll_inst|altpll_component|auto_generated|pll1|clk[0]}] -fall_to [get_clocks {pll_inst|altpll_component|auto_generated|pll1|clk[0]}] -hold 0.020
Info: Worst-case setup slack is 4.825
    Info:     Slack End Point TNS Clock 
    Info: ========= ============= =====================
    Info:     4.825         0.000 pll_inst|altpll_component|auto_generated|pll1|clk[0] 
Info: Worst-case hold slack is 0.167
    Info:     Slack End Point TNS Clock 
    Info: ========= ============= =====================
    Info:     0.167         0.000 pll_inst|altpll_component|auto_generated|pll1|clk[0] 
Info: No Recovery paths to report
Info: No Removal paths to report
Info: Worst-case minimum pulse width slack is 3.353
    Info:     Slack End Point TNS Clock 
    Info: ========= ============= =====================
    Info:     3.353         0.000 pll_inst|altpll_component|auto_generated|pll1|clk[0] 
    Info:     9.406         0.000 CLOCK_50 
Info: Design is not fully constrained for setup requirements
Info: Design is not fully constrained for hold requirements
Info: Quartus II TimeQuest Timing Analyzer was successful. 0 errors, 5 warnings
    Info: Peak virtual memory: 241 megabytes
    Info: Processing ended: Sat May 30 16:30:47 2026
    Info: Elapsed time: 00:00:02
    Info: Total CPU time (on all processors): 00:00:01


